1053635;606364M05S;MASK HELMET  NERO OPACO XL;10.000;10.000;10.000;2.050;0;0;0;1.000;CASCHI;0;ev://rotationclass/u1b0y2018p20900;ev://attribute/u1b0y2018p20909;1;1946;NULL
1053636;56230R;AMMORTIZZATORE POST. COMPLETO;10.000;10.000;10.000;1.645;0;0;0;1.000;PLASTICHE;0;ev://rotationclass/u1b0y2018p20897;ev://attribute/u1b0y2018p20909;1;1946;NULL
1053637;60041640AH;COPERTURA SOSPENSIONE ANTERIORE;10.000;10.000;10.000;0.085;0;0;0;1.000;PLASTICHE;0;ev://rotationclass/u1b0y2018p20900;ev://attribute/u1b0y2018p20909;1;1946;NULL
1053638;97841800Y11;CUPOLINO GRIGIO;10.000;10.000;10.000;0.405;0;0;0;1.000;PLASTICHE;0;ev://rotationclass/u1b0y2018p20901;ev://attribute/u1b0y2018p20909;1;1946;NULL
1053639;606620M02MB;MG ANNIVERSARY HELMET MATT BLACK- S;10.000;10.000;10.000;1.450;0;0;0;1.000;CASCHI;0;ev://rotationclass/u1b0y2018p20899;ev://attribute/u1b0y2018p20909;1;1946;NULL
1053640;606620M01MB;MG ANNIVERSARY HELMET MATT BLACK- XS;10.000;10.000;10.000;1.450;0;0;0;1.000;CASCHI;0;ev://rotationclass/u1b0y2018p20900;ev://attribute/u1b0y2018p20909;1;1946;NULL
1053641;606619M04AZ;MG SPECIAL HELMET AZURE - L;10.000;10.000;10.000;1.450;0;0;0;1.000;CASCHI;0;ev://rotationclass/u1b0y2018p20900;ev://attribute/u1b0y2018p20909;1;1946;NULL
1053642;606619M03AZ;MG SPECIAL HELMET AZURE - M;10.000;10.000;10.000;0.100;0;0;0;1.000;CASCHI;0;ev://rotationclass/u1b0y2018p20898;ev://attribute/u1b0y2018p20909;1;1946;NULL
1053643;606619M02AZ;MG SPECIAL HELMET AZURE - S;10.000;10.000;10.000;1.450;0;0;0;1.000;CASCHI;0;ev://rotationclass/u1b0y2018p20897;ev://attribute/u1b0y2018p20909;1;1946;NULL
1053644;606619M05AZ;MG SPECIAL HELMET AZURE - XL;10.000;10.000;10.000;1.450;0;0;0;1.000;CASCHI;0;ev://rotationclass/u1b0y2018p20901;ev://attribute/u1b0y2018p20909;1;1946;NULL
1053645;606619M01AZ;MG SPECIAL HELMET AZURE- XS;10.000;10.000;10.000;1.450;0;0;0;1.000;CASCHI;0;ev://rotationclass/u1b0y2018p20901;ev://attribute/u1b0y2018p20909;1;1946;NULL
1053646;606619M04BK;MG SPECIAL HELMET BLACK - L;10.000;10.000;10.000;0.100;0;0;0;1.000;CASCHI;0;ev://rotationclass/u1b0y2018p20900;ev://attribute/u1b0y2018p20909;1;1946;NULL
1053647;606619M03BK;MG SPECIAL HELMET BLACK - M;10.000;10.000;10.000;0.100;0;0;0;1.000;CASCHI;0;ev://rotationclass/u1b0y2018p20899;ev://attribute/u1b0y2018p20909;1;1946;NULL
1053648;606619M02BK;MG SPECIAL HELMET BLACK - S;10.000;10.000;10.000;1.450;0;0;0;1.000;CASCHI;0;ev://rotationclass/u1b0y2018p20900;ev://attribute/u1b0y2018p20909;1;1946;NULL
1053649;606619M05BK;MG SPECIAL HELMET BLACK - XL;10.000;10.000;10.000;1.450;0;0;0;1.000;CASCHI;0;ev://rotationclass/u1b0y2018p20900;ev://attribute/u1b0y2018p20909;1;1946;NULL
1053650;606619M01BK;MG SPECIAL HELMET BLACK- XS;10.000;10.000;10.000;1.450;0;0;0;1.000;CASCHI;0;ev://rotationclass/u1b0y2018p20897;ev://attribute/u1b0y2018p20909;1;1946;NULL
1053651;657382000C;PARASPRUZZI POSTERIORE;10.000;10.000;10.000;0.324;0;0;0;1.000;PLASTICHE;0;ev://rotationclass/u1b0y2018p20901;ev://attribute/u1b0y2018p20909;1;1946;NULL
1053652;B044853;PORTAPACCHI  CON MANIGLIE;10.000;10.000;10.000;0.815;0;0;0;1.000;MECCANICHE;0;ev://rotationclass/u1b0y2018p20897;ev://attribute/u1b0y2018p20909;1;1946;NULL
1053653;269096; PROTEZIONE;10.000;10.000;10.000;0.335;0;0;0;1.000;MECCANICHE;0;ev://rotationclass/u1b0y2018p20897;ev://attribute/u1b0y2018p20909;1;1946;NULL
1053654;672037;SCUDO;10.000;10.000;10.000;1.468;0;0;0;1.000;PLASTICHE;0;ev://rotationclass/u1b0y2018p20898;ev://attribute/u1b0y2018p20909;1;1946;NULL
1053655;CM02520100GS;SELLA BIPOSTO;10.000;10.000;10.000;2.865;0;0;0;1.000;MECCANICHE;0;ev://rotationclass/u1b0y2018p20897;ev://attribute/u1b0y2018p20909;1;1946;NULL
1053656;62110200F1;SELLA BIPOSTO COMP;10.000;10.000;10.000;3.615;0;0;0;1.000;MECCANICHE;0;ev://rotationclass/u1b0y2018p20901;ev://attribute/u1b0y2018p20909;1;1946;NULL
1053657;624378;SELLA COMPLETA;10.000;10.000;10.000;6.100;0;0;0;1.000;MECCANICHE;0;ev://rotationclass/u1b0y2018p20901;ev://attribute/u1b0y2018p20909;1;1946;NULL
1053658;GU03610840;"CERCHIO ANT.2,50X18""";10.000;10.000;10.000;4.000;0;0;0;1.000;MECCANICHE;0;ev://rotationclass/u1b0y2018p20897;ev://attribute/u1b0y2018p20909;1;1946;NULL
1053659;GU03610810;"CERCHIO ANT.2,50X18""";10.000;10.000;10.000;4.000;0;0;0;1.000;MECCANICHE;0;ev://rotationclass/u1b0y2018p20897;ev://attribute/u1b0y2018p20909;1;1946;NULL
1053660;AP8128140;"CERCHIO D.18""";10.000;10.000;10.000;2.372;0;0;0;1.000;MECCANICHE;0;ev://rotationclass/u1b0y2018p20897;ev://attribute/u1b0y2018p20909;1;1946;NULL
1053661;AP8128137;"CERCHIO D.21""";10.000;10.000;10.000;2.223;0;0;0;1.000;PLASTICHE;0;ev://rotationclass/u1b0y2018p20897;ev://attribute/u1b0y2018p20909;1;1946;NULL
1053662;GU32630760;"CERCHIO POST.3.00X16""";10.000;10.000;10.000;2.200;0;0;0;1.000;MECCANICHE;0;ev://rotationclass/u1b0y2018p20897;ev://attribute/u1b0y2018p20909;1;1946;NULL
1053663;GU03630710;"CERCHIO POST.4,00X17""";10.000;10.000;10.000;4.000;0;0;0;1.000;MECCANICHE;0;ev://rotationclass/u1b0y2018p20897;ev://attribute/u1b0y2018p20909;1;1946;NULL
1053664;GU03610340;"RUOTA ANT.NUDA 2,50X18""";10.000;10.000;10.000;5.000;0;0;0;1.000;MECCANICHE;0;ev://rotationclass/u1b0y2018p20897;ev://attribute/u1b0y2018p20909;1;1946;NULL
1053665;GU01610340;"RUOTA ANT.NUDA GRIGIA 3,5X17""";10.000;10.000;10.000;4.000;0;0;0;1.000;MECCANICHE;0;ev://rotationclass/u1b0y2018p20897;ev://attribute/u1b0y2018p20909;1;1946;NULL
1053666;GU05610330;"RUOTA ANT.NUDA NERA 3,5X17""";10.000;10.000;10.000;4.000;0;0;0;1.000;MECCANICHE;0;ev://rotationclass/u1b0y2018p20897;ev://attribute/u1b0y2018p20909;1;1946;NULL
1053667;AP8128133;"RUOTA ANTERIORE 3,5""X17""";10.000;10.000;10.000;6.000;0;0;0;1.000;MECCANICHE;0;ev://rotationclass/u1b0y2018p20897;ev://attribute/u1b0y2018p20909;1;1946;NULL
1053668;AP8128166;"RUOTA ANTERIORE 3.5""X17""";10.000;10.000;10.000;2.223;0;0;0;1.000;MECCANICHE;0;ev://rotationclass/u1b0y2018p20897;ev://attribute/u1b0y2018p20909;1;1946;NULL
1053669;GU03630670;"RUOTA POST.NUDA 4,00X17""";10.000;10.000;10.000;8.000;0;0;0;1.000;MECCANICHE;0;ev://rotationclass/u1b0y2018p20897;ev://attribute/u1b0y2018p20909;1;1946;NULL
1053670;127203010R;(*) ALBERO PRIMARIO CAMBIO;10.000;10.000;10.000;1.700;0;0;0;1.000;MECCANICHE;0;ev://rotationclass/u1b0y2018p20901;ev://attribute/u1b0y2018p20909;1;1946;NULL
1053671;1B003333000XN2;(*) BAULETTO ANTERIORE;10.000;10.000;10.000;1.300;0;0;0;1.000;PLASTICHE;0;ev://rotationclass/u1b0y2018p20898;ev://attribute/u1b0y2018p20909;1;1946;NULL
1053672;1B003620000XN2;(*) BAULETTO ANTERIORE;10.000;10.000;10.000;1.347;0;0;0;1.000;PLASTICHE;0;ev://rotationclass/u1b0y2018p20897;ev://attribute/u1b0y2018p20909;1;1946;NULL
1053673;1B003333000BR;(*) BAULETTO ANTERIORE;10.000;10.000;10.000;1.300;0;0;0;1.000;PLASTICHE;0;ev://rotationclass/u1b0y2018p20898;ev://attribute/u1b0y2018p20909;1;1946;NULL
1053674;1B003620000T6;(*) BAULETTO ANTERIORE;10.000;10.000;10.000;1.347;0;0;0;1.000;PLASTICHE;0;ev://rotationclass/u1b0y2018p20900;ev://attribute/u1b0y2018p20909;1;1946;NULL
1053675;1B001758000HF;(*) BAULETTO ANTERIORE;10.000;10.000;10.000;1.201;0;0;0;1.000;PLASTICHE;0;ev://rotationclass/u1b0y2018p20897;ev://attribute/u1b0y2018p20909;1;1946;NULL
1053676;1B003620000MD;(*) BAULETTO ANTERIORE;10.000;10.000;10.000;1.347;0;0;0;1.000;PLASTICHE;0;ev://rotationclass/u1b0y2018p20898;ev://attribute/u1b0y2018p20909;1;1946;NULL
1053677;1B003620000DE;(*) BAULETTO ANTERIORE;10.000;10.000;10.000;1.347;0;0;0;1.000;PLASTICHE;0;ev://rotationclass/u1b0y2018p20897;ev://attribute/u1b0y2018p20909;1;1946;NULL
1053678;1B003620000R7;(*) BAULETTO ANTERIORE;10.000;10.000;10.000;1.347;0;0;0;1.000;PLASTICHE;0;ev://rotationclass/u1b0y2018p20898;ev://attribute/u1b0y2018p20909;1;1946;NULL
1053679;1B00362000090;(*) BAULETTO ANTERIORE;10.000;10.000;10.000;1.300;0;0;0;1.000;PLASTICHE;0;ev://rotationclass/u1b0y2018p20897;ev://attribute/u1b0y2018p20909;1;1946;NULL
1053680;1B003620000BR;(*) BAULETTO ANTERIORE;10.000;10.000;10.000;1.360;0;0;0;1.000;PLASTICHE;0;ev://rotationclass/u1b0y2018p20897;ev://attribute/u1b0y2018p20909;1;1946;NULL
1053681;1B003620000L5;(*) BAULETTO ANTERIORE;10.000;10.000;10.000;1.380;0;0;0;1.000;PLASTICHE;0;ev://rotationclass/u1b0y2018p20897;ev://attribute/u1b0y2018p20909;1;1946;NULL
1053682;1B003620000DQ;(*) BAULETTO ANTERIORE;10.000;10.000;10.000;1.360;0;0;0;1.000;PLASTICHE;0;ev://rotationclass/u1b0y2018p20900;ev://attribute/u1b0y2018p20909;1;1946;NULL
1053683;658553;(*) CAPPOTTA ANTERIORE FISSA;10.000;10.000;10.000;0.850;0;0;0;1.000;PLASTICHE;0;ev://rotationclass/u1b0y2018p20901;ev://attribute/u1b0y2018p20909;1;1946;NULL
1053684;JC13700X94000;(*) CASSA FILTRO COMPL.;10.000;10.000;10.000;1.520;0;0;0;1.000;MECCANICHE;0;ev://rotationclass/u1b0y2018p20897;ev://attribute/u1b0y2018p20909;1;1946;NULL
1053685;859753;(*) CATENA CPL.MAGLIA DI GIUNZIONE;10.000;10.000;10.000;2.165;0;0;0;1.000;MECCANICHE;0;ev://rotationclass/u1b0y2018p20901;ev://attribute/u1b0y2018p20909;1;1946;NULL
1053686;1C002747;(*) CENTRALINA  ABS (FILLED);10.000;10.000;10.000;0.850;0;0;0;1.000;MECCANICHE;0;ev://rotationclass/u1b0y2018p20899;ev://attribute/u1b0y2018p20909;1;1946;NULL
1053687;B007617;(*) CENTRALINA P.ELETTRICO;10.000;10.000;10.000;1.160;0;0;0;1.000;MECCANICHE;0;ev://rotationclass/u1b0y2018p20897;ev://attribute/u1b0y2018p20909;1;1946;NULL
1053688;B064277;(*) COMMUTATORE BLOCCASTERZO;10.000;10.000;10.000;0.300;0;0;0;1.000;MECCANICHE;0;ev://rotationclass/u1b0y2018p20897;ev://attribute/u1b0y2018p20909;1;1946;NULL
1053689;B004042;(*) CUSCINO POSTERIORE;10.000;10.000;10.000;3.600;0;0;0;1.000;PLASTICHE;0;ev://rotationclass/u1b0y2018p20897;ev://attribute/u1b0y2018p20909;1;1946;NULL
1053690;1D001466;(*) DEVIATORE E/O AVV.ACUS;10.000;10.000;10.000;0.350;0;0;0;1.000;MECCANICHE;0;ev://rotationclass/u1b0y2018p20898;ev://attribute/u1b0y2018p20909;1;1946;NULL
1053691;981156;(*) FODERO DX;10.000;10.000;10.000;1.354;0;0;0;1.000;MECCANICHE;0;ev://rotationclass/u1b0y2018p20897;ev://attribute/u1b0y2018p20909;1;1946;NULL
1053692;896553;(*) GR. TUBONE D50;10.000;10.000;10.000;0.100;0;0;0;1.000;MECCANICHE;0;ev://rotationclass/u1b0y2018p20897;ev://attribute/u1b0y2018p20909;1;1946;NULL
1053693;896528;(*) GRUPPO TUBO IDRAULICO;10.000;10.000;10.000;1.685;0;0;0;1.000;MECCANICHE;0;ev://rotationclass/u1b0y2018p20897;ev://attribute/u1b0y2018p20909;1;1946;NULL
1053694;612372;(*) PARETE VASSOIO;10.000;10.000;10.000;1.450;0;0;0;1.000;MECCANICHE;0;ev://rotationclass/u1b0y2018p20897;ev://attribute/u1b0y2018p20909;1;1946;NULL
1053695;1E000969;(*) POMPA FRENO COMPLETA;10.000;10.000;10.000;3.200;0;0;0;1.000;MECCANICHE;0;ev://rotationclass/u1b0y2018p20899;ev://attribute/u1b0y2018p20909;1;1946;NULL
1053696;856032;(*) POMPANTE SX CPL.;10.000;10.000;10.000;0.400;0;0;0;1.000;MECCANICHE;0;ev://rotationclass/u1b0y2018p20897;ev://attribute/u1b0y2018p20909;1;1946;NULL
1053697;1D000483;(*) PROIETTORE COMPLETO;10.000;10.000;10.000;0.500;0;0;0;1.000;MECCANICHE;0;ev://rotationclass/u1b0y2018p20898;ev://attribute/u1b0y2018p20909;1;1946;NULL
1053698;611973;(*) RIPARO BATTER.ANT.;10.000;10.000;10.000;1.714;0;0;0;1.000;MECCANICHE;0;ev://rotationclass/u1b0y2018p20897;ev://attribute/u1b0y2018p20909;1;1946;NULL
1053699;658532;(*) RIVESTIMENTO PORTA ANTERIORE DX;10.000;10.000;10.000;0.200;0;0;0;1.000;MECCANICHE;0;ev://rotationclass/u1b0y2018p20901;ev://attribute/u1b0y2018p20909;1;1946;NULL
1053700;1B000933;(*) SELLA COMPLETA;10.000;10.000;10.000;3.350;0;0;0;1.000;MECCANICHE;0;ev://rotationclass/u1b0y2018p20897;ev://attribute/u1b0y2018p20909;1;1946;NULL
1053701;675327;(*) SELLA COMPLETA;10.000;10.000;10.000;3.400;0;0;0;1.000;MECCANICHE;0;ev://rotationclass/u1b0y2018p20897;ev://attribute/u1b0y2018p20909;1;1946;NULL
1053702;675213;(*) SELLA COMPLETA;10.000;10.000;10.000;2.550;0;0;0;1.000;MECCANICHE;0;ev://rotationclass/u1b0y2018p20897;ev://attribute/u1b0y2018p20909;1;1946;NULL
1053703;673676;(*) SELLA COMPLETA;10.000;10.000;10.000;4.350;0;0;0;1.000;MECCANICHE;0;ev://rotationclass/u1b0y2018p20897;ev://attribute/u1b0y2018p20909;1;1946;NULL
1053704;67510500C1;(*) SELLA COMPLETA;10.000;10.000;10.000;3.250;0;0;0;1.000;MECCANICHE;0;ev://rotationclass/u1b0y2018p20897;ev://attribute/u1b0y2018p20909;1;1946;NULL
1053705;673274;(*) SELLA COMPLETA;10.000;10.000;10.000;3.560;0;0;0;1.000;MECCANICHE;0;ev://rotationclass/u1b0y2018p20897;ev://attribute/u1b0y2018p20909;1;1946;NULL
1053706;67327600C1;(*) SELLA COMPLETA;10.000;10.000;10.000;2.910;0;0;0;1.000;PLASTICHE;0;ev://rotationclass/u1b0y2018p20900;ev://attribute/u1b0y2018p20909;1;1946;NULL
1053707;67329500C1;(*) SELLA COMPLETA;10.000;10.000;10.000;2.550;0;0;0;1.000;PLASTICHE;0;ev://rotationclass/u1b0y2018p20897;ev://attribute/u1b0y2018p20909;1;1946;NULL
1053708;1B000155000C1;(*) SELLA COMPLETA;10.000;10.000;10.000;4.550;0;0;0;1.000;PLASTICHE;0;ev://rotationclass/u1b0y2018p20897;ev://attribute/u1b0y2018p20909;1;1946;NULL
1053709;1B000209000C1;(*) SELLA COMPLETA;10.000;10.000;10.000;3.860;0;0;0;1.000;PLASTICHE;0;ev://rotationclass/u1b0y2018p20898;ev://attribute/u1b0y2018p20909;1;1946;NULL
1053710;67335500C2;(*) SELLA COMPLETA;10.000;10.000;10.000;4.550;0;0;0;1.000;PLASTICHE;0;ev://rotationclass/u1b0y2018p20897;ev://attribute/u1b0y2018p20909;1;1946;NULL
1053711;673921;(*) SELLA COMPLETA "PX 150Â°ANNIVERSARIO";10.000;10.000;10.000;3.250;0;0;0;1.000;MECCANICHE;0;ev://rotationclass/u1b0y2018p20900;ev://attribute/u1b0y2018p20909;1;1946;NULL
1053712;89533700A1;(*) SELLA CPL. NERO 991;10.000;10.000;10.000;2.000;0;0;0;1.000;MECCANICHE;0;ev://rotationclass/u1b0y2018p20901;ev://attribute/u1b0y2018p20909;1;1946;NULL
1053713;679184;(*) SELLA DERBI SPORT VARIANT;10.000;10.000;10.000;1.500;0;0;0;1.000;MECCANICHE;0;ev://rotationclass/u1b0y2018p20897;ev://attribute/u1b0y2018p20909;1;1946;NULL
1053714;896515;(*) SELLA PASSEGGERO CPL. ROSSO-CARBONIO;10.000;10.000;10.000;0.600;0;0;0;1.000;MECCANICHE;0;ev://rotationclass/u1b0y2018p20897;ev://attribute/u1b0y2018p20909;1;1946;NULL
1053715;896542;(*) SELLA PASSEGGERO ROSSO CON INS. NERO;10.000;10.000;10.000;0.600;0;0;0;1.000;MECCANICHE;0;ev://rotationclass/u1b0y2018p20897;ev://attribute/u1b0y2018p20909;1;1946;NULL
1053716;AP8269369;(*) SEMICODONE DX V.ROSSO FLUO C/DEC.'11;10.000;10.000;10.000;0.005;0;0;0;1.000;PLASTICHE;0;ev://rotationclass/u1b0y2018p20897;ev://attribute/u1b0y2018p20909;1;1946;NULL
1053717;AP8269371;(*) SOTTOPIANALE ROSSO C/DEC'11;10.000;10.000;10.000;0.150;0;0;0;1.000;PLASTICHE;0;ev://rotationclass/u1b0y2018p20897;ev://attribute/u1b0y2018p20909;1;1946;NULL
1053718;CM1828135;(*) SPECCHIO RETR. DX;10.000;10.000;10.000;0.450;0;0;0;1.000;MECCANICHE;0;ev://rotationclass/u1b0y2018p20897;ev://attribute/u1b0y2018p20909;1;1946;NULL
1053719;896584;(*) STELO + PORTARUOTA DX;10.000;10.000;10.000;1.650;0;0;0;1.000;MECCANICHE;0;ev://rotationclass/u1b0y2018p20897;ev://attribute/u1b0y2018p20909;1;1946;NULL
1053720;856039;(*) STELO + PORTARUOTA SX CPL.;10.000;10.000;10.000;1.800;0;0;0;1.000;MECCANICHE;0;ev://rotationclass/u1b0y2018p20897;ev://attribute/u1b0y2018p20909;1;1946;NULL
1053721;981155;(*) STELO SX;10.000;10.000;10.000;1.300;0;0;0;1.000;MECCANICHE;0;ev://rotationclass/u1b0y2018p20897;ev://attribute/u1b0y2018p20909;1;1946;NULL
1053722;981096;(*) STELO SX DIAM 45;10.000;10.000;10.000;5.000;0;0;0;1.000;MECCANICHE;0;ev://rotationclass/u1b0y2018p20897;ev://attribute/u1b0y2018p20909;1;1946;NULL
1053723;887320;(*)*GR.ASTA CPL D45 F/A;10.000;10.000;10.000;6.650;0;0;0;1.000;MECCANICHE;0;ev://rotationclass/u1b0y2018p20897;ev://attribute/u1b0y2018p20909;1;1946;NULL
1053724;887319;(*)*GR.ASTA CPL D45 F/R;10.000;10.000;10.000;6.650;0;0;0;1.000;MECCANICHE;0;ev://rotationclass/u1b0y2018p20901;ev://attribute/u1b0y2018p20909;1;1946;NULL
1053725;886675;(*)AMMORTIZZATORE REGOLABILE;10.000;10.000;10.000;2.000;0;0;0;1.000;MECCANICHE;0;ev://rotationclass/u1b0y2018p20897;ev://attribute/u1b0y2018p20909;1;1946;NULL
1053726;857193;(*)ANELLO DI SICUREZZA D=21 DIN 471;10.000;10.000;10.000;0.004;0;0;0;1.000;MECCANICHE;0;ev://rotationclass/u1b0y2018p20897;ev://attribute/u1b0y2018p20909;1;1946;NULL
1053727;886711;(*)ASS. MOZZO POST V7 COMPL CUSC. BOCC;10.000;10.000;10.000;3.000;0;0;0;1.000;MECCANICHE;0;ev://rotationclass/u1b0y2018p20901;ev://attribute/u1b0y2018p20909;1;1946;NULL
1053728;8572555;(*)ASSIEME ALBERO MOTORE X RIC.;10.000;10.000;10.000;6.050;0;0;0;1.000;MECCANICHE;0;ev://rotationclass/u1b0y2018p20901;ev://attribute/u1b0y2018p20909;1;1946;NULL
1053729;897338;(*)CANNA + PIEDINO;10.000;10.000;10.000;1.766;0;0;0;1.000;MECCANICHE;0;ev://rotationclass/u1b0y2018p20897;ev://attribute/u1b0y2018p20909;1;1946;NULL
1053730;897350;(*)CANNA + PIEDINO;10.000;10.000;10.000;1.721;0;0;0;1.000;MECCANICHE;0;ev://rotationclass/u1b0y2018p20897;ev://attribute/u1b0y2018p20909;1;1946;NULL
1053731;898521;(*)CANNA+PIEDINO DX;10.000;10.000;10.000;1.735;0;0;0;1.000;MECCANICHE;0;ev://rotationclass/u1b0y2018p20897;ev://attribute/u1b0y2018p20909;1;1946;NULL
1053732;B046353;(*)CANNA+PIEDINO STELO DX FORCELLA;10.000;10.000;10.000;1.700;0;0;0;1.000;MECCANICHE;0;ev://rotationclass/u1b0y2018p20897;ev://attribute/u1b0y2018p20909;1;1946;NULL
1053733;898520;(*)CANNA+PIEDINO SX;10.000;10.000;10.000;1.705;0;0;0;1.000;MECCANICHE;0;ev://rotationclass/u1b0y2018p20901;ev://attribute/u1b0y2018p20909;1;1946;NULL
1053734;85882500XN6;(*)CAR.INF. DX V.NERO DIAB. SMALTO N/DEC;10.000;10.000;10.000;0.425;0;0;0;1.000;PLASTICHE;0;ev://rotationclass/u1b0y2018p20899;ev://attribute/u1b0y2018p20909;1;1946;NULL
1053735;85882600XN6;(*)CAR.INF.SX V.NERO DIAB.SMALTO N/DEC.;10.000;10.000;10.000;0.430;0;0;0;1.000;PLASTICHE;0;ev://rotationclass/u1b0y2018p20899;ev://attribute/u1b0y2018p20909;1;1946;NULL
1053736;B04444200XN2;(*)CARENA INF DX NERO COMPETITION DEC;10.000;10.000;10.000;0.450;0;0;0;1.000;PLASTICHE;0;ev://rotationclass/u1b0y2018p20897;ev://attribute/u1b0y2018p20909;1;1946;NULL
1053737;B04444300XN2;(*)CARENA INF SX NERO COMPETITION DEC;10.000;10.000;10.000;0.450;0;0;0;1.000;PLASTICHE;0;ev://rotationclass/u1b0y2018p20897;ev://attribute/u1b0y2018p20909;1;1946;NULL
1053738;85882500XN5;(*)CARENA INF. DX V.NERO APRILIA N/DEC;10.000;10.000;10.000;0.420;0;0;0;1.000;PLASTICHE;0;ev://rotationclass/u1b0y2018p20897;ev://attribute/u1b0y2018p20909;1;1946;NULL
1053739;85882600XN5;(*)CARENA INF. SX V.NERO APRILIA N/DEC;10.000;10.000;10.000;0.395;0;0;0;1.000;PLASTICHE;0;ev://rotationclass/u1b0y2018p20897;ev://attribute/u1b0y2018p20909;1;1946;NULL
1053740;88424700BM;(*)CARENA LAT DX  VERN;10.000;10.000;10.000;0.751;0;0;0;1.000;MECCANICHE;0;ev://rotationclass/u1b0y2018p20897;ev://attribute/u1b0y2018p20909;1;1946;NULL
1053741;89410700XN5;(*)CARENA LAT DX ASS.V.NERO APRILIA;10.000;10.000;10.000;0.640;0;0;0;1.000;PLASTICHE;0;ev://rotationclass/u1b0y2018p20901;ev://attribute/u1b0y2018p20909;1;1946;NULL
1053742;88424800BM;(*)CARENA LAT SX  VERN;10.000;10.000;10.000;0.751;0;0;0;1.000;MECCANICHE;0;ev://rotationclass/u1b0y2018p20897;ev://attribute/u1b0y2018p20909;1;1946;NULL
1053743;88424800YM2;(*)CARENA LAT SX  VERN;10.000;10.000;10.000;0.900;0;0;0;1.000;MECCANICHE;0;ev://rotationclass/u1b0y2018p20897;ev://attribute/u1b0y2018p20909;1;1946;NULL
1053744;88424800YA1;(*)CARENA LAT SX  VERN;10.000;10.000;10.000;0.751;0;0;0;1.000;PLASTICHE;0;ev://rotationclass/u1b0y2018p20897;ev://attribute/u1b0y2018p20909;1;1946;NULL
1053745;89736200XN5;(*)CARENA LAT SX ASS.V.NERO APRILIA;10.000;10.000;10.000;0.400;0;0;0;1.000;PLASTICHE;0;ev://rotationclass/u1b0y2018p20897;ev://attribute/u1b0y2018p20909;1;1946;NULL
1053746;89410800XN5;(*)CARENA LAT SX ASS.V.NERO APRILIA;10.000;10.000;10.000;0.645;0;0;0;1.000;PLASTICHE;0;ev://rotationclass/u1b0y2018p20897;ev://attribute/u1b0y2018p20909;1;1946;NULL
1053747;860013;(*)CATENA 114 MAGLIE;10.000;10.000;10.000;1.750;0;0;0;1.000;MECCANICHE;0;ev://rotationclass/u1b0y2018p20897;ev://attribute/u1b0y2018p20909;1;1946;NULL
1053748;JC58300X94000;(*)CAVO GAS 1;10.000;10.000;10.000;0.215;0;0;0;1.000;MECCANICHE;0;ev://rotationclass/u1b0y2018p20897;ev://attribute/u1b0y2018p20909;1;1946;NULL
1053749;2B000693000H4;(*)CHIUSURA INF. SCUDO;10.000;10.000;10.000;0.180;0;0;0;1.000;PLASTICHE;0;ev://rotationclass/u1b0y2018p20898;ev://attribute/u1b0y2018p20909;1;1946;NULL
1053750;887488;(*)CHIUSURA INFERIORE SELLA;10.000;10.000;10.000;1.200;0;0;0;1.000;PLASTICHE;0;ev://rotationclass/u1b0y2018p20901;ev://attribute/u1b0y2018p20909;1;1946;NULL
1053751;860982;(*)CILINDRO CON PISTONE CPL-GHISA D.63;10.000;10.000;10.000;2.520;0;0;0;1.000;PLASTICHE;0;ev://rotationclass/u1b0y2018p20897;ev://attribute/u1b0y2018p20909;1;1946;NULL
1053752;86068300XN5;(*)CODONE CENTRALE V.NERO APRILIA;10.000;10.000;10.000;0.220;0;0;0;1.000;PLASTICHE;0;ev://rotationclass/u1b0y2018p20897;ev://attribute/u1b0y2018p20909;1;1946;NULL
1053753;85883500XR4;(*)CODONE DX V.ROSSO FLUO N/DEC.;10.000;10.000;10.000;0.310;0;0;0;1.000;PLASTICHE;0;ev://rotationclass/u1b0y2018p20897;ev://attribute/u1b0y2018p20909;1;1946;NULL
1053754;85883500XN5;(*)CODONE DX VERNICIATO;10.000;10.000;10.000;0.270;0;0;0;1.000;PLASTICHE;0;ev://rotationclass/u1b0y2018p20901;ev://attribute/u1b0y2018p20909;1;1946;NULL
1053755;85884700XR4;(*)CODONE SX V.ROSSO FLUO N/DEC.;10.000;10.000;10.000;0.310;0;0;0;1.000;PLASTICHE;0;ev://rotationclass/u1b0y2018p20897;ev://attribute/u1b0y2018p20909;1;1946;NULL
1053756;85884700XN5;(*)CODONE SX VERNICIATO;10.000;10.000;10.000;0.285;0;0;0;1.000;PLASTICHE;0;ev://rotationclass/u1b0y2018p20901;ev://attribute/u1b0y2018p20909;1;1946;NULL
1053757;AP8268943;(*)COFANO ANT.V.ROSSO RUBINO N/DEC;10.000;10.000;10.000;0.600;0;0;0;1.000;PLASTICHE;0;ev://rotationclass/u1b0y2018p20897;ev://attribute/u1b0y2018p20909;1;1946;NULL
1053758;B063854;(*)COLLETTORE SCARICO DX JP;10.000;10.000;10.000;2.200;0;0;0;1.000;MECCANICHE;0;ev://rotationclass/u1b0y2018p20897;ev://attribute/u1b0y2018p20909;1;1946;NULL
1053759;B063855;(*)COLLETTORE SCARICO SX JP;10.000;10.000;10.000;2.200;0;0;0;1.000;MECCANICHE;0;ev://rotationclass/u1b0y2018p20897;ev://attribute/u1b0y2018p20909;1;1946;NULL
1053760;85165800XR5;(*)CONVOGL.LAT.SX  N/DEC.V.ROSSO DAMASCO;10.000;10.000;10.000;0.250;0;0;0;1.000;PLASTICHE;0;ev://rotationclass/u1b0y2018p20897;ev://attribute/u1b0y2018p20909;1;1946;NULL
1053761;89599700XR4;(*)CONVOGLIATORE  SX ROSSO FLUO N/DEC;10.000;10.000;10.000;0.500;0;0;0;1.000;PLASTICHE;0;ev://rotationclass/u1b0y2018p20898;ev://attribute/u1b0y2018p20909;1;1946;NULL
1053762;AP8268940;(*)COPERCHIO ROSSO RUBINO;10.000;10.000;10.000;0.200;0;0;0;1.000;PLASTICHE;0;ev://rotationclass/u1b0y2018p20897;ev://attribute/u1b0y2018p20909;1;1946;NULL
1053763;2B0007120000C;(*)COPERTURA CENTRALE;10.000;10.000;10.000;0.455;0;0;0;1.000;MECCANICHE;0;ev://rotationclass/u1b0y2018p20901;ev://attribute/u1b0y2018p20909;1;1946;NULL
1053764;86067900XN5;(*)COPERTURA PLANCIA ANT.V.NERO APRILIA;10.000;10.000;10.000;0.180;0;0;0;1.000;PLASTICHE;0;ev://rotationclass/u1b0y2018p20897;ev://attribute/u1b0y2018p20909;1;1946;NULL
1053765;B06315100Y02;(*)COPRISELLA C/DEC. '12;10.000;10.000;10.000;0.050;0;0;0;1.000;PLASTICHE;0;ev://rotationclass/u1b0y2018p20897;ev://attribute/u1b0y2018p20909;1;1946;NULL
1053766;88673200Y02;(*)COPRISELLA V7 RACER;10.000;10.000;10.000;0.100;0;0;0;1.000;MECCANICHE;0;ev://rotationclass/u1b0y2018p20897;ev://attribute/u1b0y2018p20909;1;1946;NULL
1053767;85883100XN6;(*)COVER SERB.BENZ. V.NERO DIABLO N/DEC.;10.000;10.000;10.000;0.200;0;0;0;1.000;PLASTICHE;0;ev://rotationclass/u1b0y2018p20897;ev://attribute/u1b0y2018p20909;1;1946;NULL
1053768;85883100XN5;(*)COVER SERBATOIO BENZ. V.NERO AP.N/D;10.000;10.000;10.000;0.195;0;0;0;1.000;MECCANICHE;0;ev://rotationclass/u1b0y2018p20897;ev://attribute/u1b0y2018p20909;1;1946;NULL
1053769;B045154;(*)DEC. FASCIA SUPER. SX CODONE;10.000;10.000;10.000;0.196;0;0;0;1.000;MECCANICHE;0;ev://rotationclass/u1b0y2018p20897;ev://attribute/u1b0y2018p20909;1;1946;NULL
1053770;887537;(*)FANALE POSTERIORE SX USA;10.000;10.000;10.000;0.200;0;0;0;1.000;MECCANICHE;0;ev://rotationclass/u1b0y2018p20897;ev://attribute/u1b0y2018p20909;1;1946;NULL
1053771;88687700YM2;(*)FIANCATA  DX CON PROTEZI BEIGE;10.000;10.000;10.000;0.200;0;0;0;1.000;PLASTICHE;0;ev://rotationclass/u1b0y2018p20897;ev://attribute/u1b0y2018p20909;1;1946;NULL
1053772;88687700F2;(*)FIANCATA  DX CON PROTEZIONE CALORE;10.000;10.000;10.000;0.450;0;0;0;1.000;MECCANICHE;0;ev://rotationclass/u1b0y2018p20901;ev://attribute/u1b0y2018p20909;1;1946;NULL
1053773;88687700XN2;(*)FIANCATA  DX CON PROTEZIONE CALORE;10.000;10.000;10.000;0.200;0;0;0;1.000;PLASTICHE;0;ev://rotationclass/u1b0y2018p20897;ev://attribute/u1b0y2018p20909;1;1946;NULL
1053774;88687700BM;(*)FIANCATA  DX CON PROTEZIONE CALORE;10.000;10.000;10.000;0.200;0;0;0;1.000;PLASTICHE;0;ev://rotationclass/u1b0y2018p20901;ev://attribute/u1b0y2018p20909;1;1946;NULL
1053775;88687800YM2;(*)FIANCATA  SX CON PROTEZ BEIGE;10.000;10.000;10.000;0.200;0;0;0;1.000;PLASTICHE;0;ev://rotationclass/u1b0y2018p20897;ev://attribute/u1b0y2018p20909;1;1946;NULL
1053776;88687800BM;(*)FIANCATA  SX CON PROTEZIONE CALORE;10.000;10.000;10.000;0.200;0;0;0;1.000;MECCANICHE;0;ev://rotationclass/u1b0y2018p20901;ev://attribute/u1b0y2018p20909;1;1946;NULL
1053777;88687800XN2;(*)FIANCATA  SX CON PROTEZIONE CALORE;10.000;10.000;10.000;0.400;0;0;0;1.000;PLASTICHE;0;ev://rotationclass/u1b0y2018p20897;ev://attribute/u1b0y2018p20909;1;1946;NULL
1053778;AP8268944;(*)FIANCATA POST DX ROSSO RUB N/DEC;10.000;10.000;10.000;0.600;0;0;0;1.000;PLASTICHE;0;ev://rotationclass/u1b0y2018p20897;ev://attribute/u1b0y2018p20909;1;1946;NULL
1053779;AP8268945;(*)FIANCATA POST SX ROSSO RUB N/DEC;10.000;10.000;10.000;0.600;0;0;0;1.000;PLASTICHE;0;ev://rotationclass/u1b0y2018p20897;ev://attribute/u1b0y2018p20909;1;1946;NULL
1053780;2B000723000NN;(*)FIANCATA SX;10.000;10.000;10.000;0.738;0;0;0;1.000;PLASTICHE;0;ev://rotationclass/u1b0y2018p20899;ev://attribute/u1b0y2018p20909;1;1946;NULL
1053781;2B000723000H4;(*)FIANCATA SX;10.000;10.000;10.000;0.738;0;0;0;1.000;PLASTICHE;0;ev://rotationclass/u1b0y2018p20899;ev://attribute/u1b0y2018p20909;1;1946;NULL
1053782;88799000XN2;(*)FIANCHETTO DX NERO COMP;10.000;10.000;10.000;0.300;0;0;0;1.000;PLASTICHE;0;ev://rotationclass/u1b0y2018p20897;ev://attribute/u1b0y2018p20909;1;1946;NULL
1053783;B06312500XN2;(*)FIANCHETTO DX V.NERO COMP. C/DEC. '12;10.000;10.000;10.000;0.150;0;0;0;1.000;PLASTICHE;0;ev://rotationclass/u1b0y2018p20897;ev://attribute/u1b0y2018p20909;1;1946;NULL
1053784;88794200XN6;(*)FIANCHETTO DX V.NERO DIAB C/DEC. '12;10.000;10.000;10.000;0.380;0;0;0;1.000;MECCANICHE;0;ev://rotationclass/u1b0y2018p20901;ev://attribute/u1b0y2018p20909;1;1946;NULL
1053785;88793700XR7;(*)FIANCHETTO DX V.ROSSO IBIS C/DEC. '12;10.000;10.000;10.000;0.210;0;0;0;1.000;PLASTICHE;0;ev://rotationclass/u1b0y2018p20897;ev://attribute/u1b0y2018p20909;1;1946;NULL
1053786;88794300XN6;(*)FIANCHETTO SX V.NERO DIAB C/DEC. '12;10.000;10.000;10.000;0.153;0;0;0;1.000;PLASTICHE;0;ev://rotationclass/u1b0y2018p20897;ev://attribute/u1b0y2018p20909;1;1946;NULL
1053787;88793800XR7;(*)FIANCHETTO SX V.ROSSO IBIS C/DEC. '12;10.000;10.000;10.000;0.200;0;0;0;1.000;PLASTICHE;0;ev://rotationclass/u1b0y2018p20897;ev://attribute/u1b0y2018p20909;1;1946;NULL
1053788;856548;(*)FODERO;10.000;10.000;10.000;0.800;0;0;0;1.000;PLASTICHE;0;ev://rotationclass/u1b0y2018p20897;ev://attribute/u1b0y2018p20909;1;1946;NULL
1053789;858317;(*)FODERO DX;10.000;10.000;10.000;0.820;0;0;0;1.000;MECCANICHE;0;ev://rotationclass/u1b0y2018p20897;ev://attribute/u1b0y2018p20909;1;1946;NULL
1053790;858876;(*)FONDO CASSA FILTRO;10.000;10.000;10.000;0.560;0;0;0;1.000;MECCANICHE;0;ev://rotationclass/u1b0y2018p20897;ev://attribute/u1b0y2018p20909;1;1946;NULL
1053791;B04583100NI;(*)FRONTALE CARENA NERO DEC APRC MY13;10.000;10.000;10.000;1.000;0;0;0;1.000;PLASTICHE;0;ev://rotationclass/u1b0y2018p20897;ev://attribute/u1b0y2018p20909;1;1946;NULL
1053792;B04581000NI;(*)FRONTALE CARENA V.NERO COMP.OP. C/DEC;10.000;10.000;10.000;0.100;0;0;0;1.000;PLASTICHE;0;ev://rotationclass/u1b0y2018p20897;ev://attribute/u1b0y2018p20909;1;1946;NULL
1053793;B044061;(*)GAMBA FORCELLA SX COMPLETA;10.000;10.000;10.000;1.000;0;0;0;1.000;MECCANICHE;0;ev://rotationclass/u1b0y2018p20897;ev://attribute/u1b0y2018p20909;1;1946;NULL
1053794;898557;(*)GR.CANNA+PORTARUOTA SX;10.000;10.000;10.000;0.500;0;0;0;1.000;MECCANICHE;0;ev://rotationclass/u1b0y2018p20897;ev://attribute/u1b0y2018p20909;1;1946;NULL
1053795;898553;(*)GR.TUBONE D43;10.000;10.000;10.000;0.900;0;0;0;1.000;MECCANICHE;0;ev://rotationclass/u1b0y2018p20897;ev://attribute/u1b0y2018p20909;1;1946;NULL
1053796;896104;(*)GRP CANNA+PORT+POMPANTE SX;10.000;10.000;10.000;2.200;0;0;0;1.000;MECCANICHE;0;ev://rotationclass/u1b0y2018p20897;ev://attribute/u1b0y2018p20909;1;1946;NULL
1053797;897993;(*)GRUPPO CANNA+PORTAR+VARI SX 311056;10.000;10.000;10.000;1.000;0;0;0;1.000;MECCANICHE;0;ev://rotationclass/u1b0y2018p20897;ev://attribute/u1b0y2018p20909;1;1946;NULL
1053798;2D000110;(*)GRUPPO CAVI;10.000;10.000;10.000;3.950;0;0;0;1.000;MECCANICHE;0;ev://rotationclass/u1b0y2018p20897;ev://attribute/u1b0y2018p20909;1;1946;NULL
1053799;886860;(*)GUSCIO INFERIORE SCATOLA FILTRO;10.000;10.000;10.000;0.400;0;0;0;1.000;PLASTICHE;0;ev://rotationclass/u1b0y2018p20897;ev://attribute/u1b0y2018p20909;1;1946;NULL
1053800;897991;(*)KIT MOL 5141231+ TUBO 38 L106;10.000;10.000;10.000;0.500;0;0;0;1.000;MECCANICHE;0;ev://rotationclass/u1b0y2018p20897;ev://attribute/u1b0y2018p20909;1;1946;NULL
1053801;884064;(*)KIT SIRENE CROMATE;10.000;10.000;10.000;2.950;0;0;0;1.000;PLASTICHE;0;ev://rotationclass/u1b0y2018p20897;ev://attribute/u1b0y2018p20909;1;1946;NULL
1053802;CM18310100A1;(*)KIT TARGHETTE;10.000;10.000;10.000;0.100;0;0;0;1.000;PLASTICHE;0;ev://rotationclass/u1b0y2018p20897;ev://attribute/u1b0y2018p20909;1;1946;NULL
1053803;CM079743;(*)MANICOTTO COMANDO GAS COMPLETO;10.000;10.000;10.000;0.650;0;0;0;1.000;MECCANICHE;0;ev://rotationclass/u1b0y2018p20897;ev://attribute/u1b0y2018p20909;1;1946;NULL
1053804;88673000Y02;(*)PARAF ANT V7 RACER;10.000;10.000;10.000;0.290;0;0;0;1.000;PLASTICHE;0;ev://rotationclass/u1b0y2018p20897;ev://attribute/u1b0y2018p20909;1;1946;NULL
1053805;88748700BM;(*)PARAF POST BIANCO;10.000;10.000;10.000;1.600;0;0;0;1.000;PLASTICHE;0;ev://rotationclass/u1b0y2018p20901;ev://attribute/u1b0y2018p20909;1;1946;NULL
1053806;88748700XN2;(*)PARAF POST NERO COMP;10.000;10.000;10.000;0.800;0;0;0;1.000;PLASTICHE;0;ev://rotationclass/u1b0y2018p20901;ev://attribute/u1b0y2018p20909;1;1946;NULL
1053807;65022600ND;(*)PARAFANGO ANT. COMPL.(DA FARE);10.000;10.000;10.000;0.710;0;0;0;1.000;PLASTICHE;0;ev://rotationclass/u1b0y2018p20899;ev://attribute/u1b0y2018p20909;1;1946;NULL
1053808;65022600NG;(*)PARAFANGO ANT. COMPL.(DA FARE);10.000;10.000;10.000;0.100;0;0;0;1.000;PLASTICHE;0;ev://rotationclass/u1b0y2018p20897;ev://attribute/u1b0y2018p20909;1;1946;NULL
1053809;85881000XN5;(*)PARAFANGO ANT.V.NERO APRILIA N/D;10.000;10.000;10.000;0.400;0;0;0;1.000;PLASTICHE;0;ev://rotationclass/u1b0y2018p20897;ev://attribute/u1b0y2018p20909;1;1946;NULL
1053810;B06409900BM;(*)PARAFANGO ANTERIORE  BIANCO;10.000;10.000;10.000;0.500;0;0;0;1.000;PLASTICHE;0;ev://rotationclass/u1b0y2018p20897;ev://attribute/u1b0y2018p20909;1;1946;NULL
1053811;B06409900XN2;(*)PARAFANGO ANTERIORE NERO;10.000;10.000;10.000;0.100;0;0;0;1.000;PLASTICHE;0;ev://rotationclass/u1b0y2018p20897;ev://attribute/u1b0y2018p20909;1;1946;NULL
1053812;88410600YR3;(*)PARAGAMBE DX GIORDANIA ROSSO;10.000;10.000;10.000;0.200;0;0;0;1.000;PLASTICHE;0;ev://rotationclass/u1b0y2018p20897;ev://attribute/u1b0y2018p20909;1;1946;NULL
1053813;88410700YR3;(*)PARAGAMBE SX GIORDANIA ROSSO;10.000;10.000;10.000;0.200;0;0;0;1.000;PLASTICHE;0;ev://rotationclass/u1b0y2018p20897;ev://attribute/u1b0y2018p20909;1;1946;NULL
1053814;B044047;(*)PIASTRA INFERIORE;10.000;10.000;10.000;1.722;0;0;0;1.000;MECCANICHE;0;ev://rotationclass/u1b0y2018p20897;ev://attribute/u1b0y2018p20909;1;1946;NULL
1053815;2B0006770000C;(*)PLANCIA CRUSCOTTO;10.000;10.000;10.000;1.121;0;0;0;1.000;PLASTICHE;0;ev://rotationclass/u1b0y2018p20897;ev://attribute/u1b0y2018p20909;1;1946;NULL
1053816;86067700XN5;(*)PLANCIA POSTERIORE V.NERO APRILIA;10.000;10.000;10.000;0.350;0;0;0;1.000;PLASTICHE;0;ev://rotationclass/u1b0y2018p20901;ev://attribute/u1b0y2018p20909;1;1946;NULL
1053817;854602;(*)POMPA FRENO ANT.;10.000;10.000;10.000;0.555;0;0;0;1.000;MECCANICHE;0;ev://rotationclass/u1b0y2018p20897;ev://attribute/u1b0y2018p20909;1;1946;NULL
1053818;1E002595;(*)POMPA FRENO COMPLETA;10.000;10.000;10.000;3.100;0;0;0;1.000;MECCANICHE;0;ev://rotationclass/u1b0y2018p20897;ev://attribute/u1b0y2018p20909;1;1946;NULL
1053819;897349;(*)POMPANTE COMPLETO;10.000;10.000;10.000;0.500;0;0;0;1.000;MECCANICHE;0;ev://rotationclass/u1b0y2018p20897;ev://attribute/u1b0y2018p20909;1;1946;NULL
1053820;897334;(*)POMPANTE COMPLETO;10.000;10.000;10.000;1.504;0;0;0;1.000;MECCANICHE;0;ev://rotationclass/u1b0y2018p20897;ev://attribute/u1b0y2018p20909;1;1946;NULL
1053821;898796;(*)POMPANTE CPL;10.000;10.000;10.000;0.727;0;0;0;1.000;PLASTICHE;0;ev://rotationclass/u1b0y2018p20897;ev://attribute/u1b0y2018p20909;1;1946;NULL
1053822;898793;(*)POMPANTE CPL;10.000;10.000;10.000;0.727;0;0;0;1.000;PLASTICHE;0;ev://rotationclass/u1b0y2018p20897;ev://attribute/u1b0y2018p20909;1;1946;NULL
1053823;898519;(*)POMPANTE CPL DX;10.000;10.000;10.000;0.200;0;0;0;1.000;MECCANICHE;0;ev://rotationclass/u1b0y2018p20897;ev://attribute/u1b0y2018p20909;1;1946;NULL
1053824;B046352;(*)POMPANTE CPL STELO DX FORCELLA;10.000;10.000;10.000;2.000;0;0;0;1.000;PLASTICHE;0;ev://rotationclass/u1b0y2018p20897;ev://attribute/u1b0y2018p20909;1;1946;NULL
1053825;JC63113X94000;(*)PROTEZIONE MOTORE;10.000;10.000;10.000;0.320;0;0;0;1.000;PLASTICHE;0;ev://rotationclass/u1b0y2018p20897;ev://attribute/u1b0y2018p20909;1;1946;NULL
1053826;AP1BMA000769;(*)PULEGGIA SMORZATRICE CON P.I.;10.000;10.000;10.000;0.250;0;0;0;1.000;MECCANICHE;0;ev://rotationclass/u1b0y2018p20901;ev://attribute/u1b0y2018p20909;1;1946;NULL
1053827;1E001726;(*)RIDUTTORE DI PRESSIONE;10.000;10.000;10.000;1.750;0;0;0;1.000;MECCANICHE;0;ev://rotationclass/u1b0y2018p20900;ev://attribute/u1b0y2018p20909;1;1946;NULL
1053828;AP8268938;(*)SCUDO INT  ROSSO RUBINO;10.000;10.000;10.000;0.800;0;0;0;1.000;PLASTICHE;0;ev://rotationclass/u1b0y2018p20897;ev://attribute/u1b0y2018p20909;1;1946;NULL
1053829;88425100BM;(*)SCUDO NORGE FORATO VERN;10.000;10.000;10.000;1.400;0;0;0;1.000;PLASTICHE;0;ev://rotationclass/u1b0y2018p20901;ev://attribute/u1b0y2018p20909;1;1946;NULL
1053830;86067500A1;(*)SELLA;10.000;10.000;10.000;2.915;0;0;0;1.000;MECCANICHE;0;ev://rotationclass/u1b0y2018p20901;ev://attribute/u1b0y2018p20909;1;1946;NULL
1053831;AP8129517;(*)SELLA;10.000;10.000;10.000;2.925;0;0;0;1.000;PLASTICHE;0;ev://rotationclass/u1b0y2018p20897;ev://attribute/u1b0y2018p20909;1;1946;NULL
1053832;88404600A1;(*)SELLA;10.000;10.000;10.000;2.800;0;0;0;1.000;PLASTICHE;0;ev://rotationclass/u1b0y2018p20897;ev://attribute/u1b0y2018p20909;1;1946;NULL
1053833;63598600C1;(*)SELLA BIPOSTO;10.000;10.000;10.000;2.055;0;0;0;1.000;MECCANICHE;0;ev://rotationclass/u1b0y2018p20897;ev://attribute/u1b0y2018p20909;1;1946;NULL
1053834;677051;(*)SELLA BIPOSTO (MARRONE);10.000;10.000;10.000;4.000;0;0;0;1.000;PLASTICHE;0;ev://rotationclass/u1b0y2018p20897;ev://attribute/u1b0y2018p20909;1;1946;NULL
1053835;67398600C2;(*)SELLA COMPLETA;10.000;10.000;10.000;4.650;0;0;0;1.000;MECCANICHE;0;ev://rotationclass/u1b0y2018p20901;ev://attribute/u1b0y2018p20909;1;1946;NULL
1053836;673834;(*)SELLA COMPLETA;10.000;10.000;10.000;2.370;0;0;0;1.000;MECCANICHE;0;ev://rotationclass/u1b0y2018p20897;ev://attribute/u1b0y2018p20909;1;1946;NULL
1053837;675328;(*)SELLA COMPLETA;10.000;10.000;10.000;2.550;0;0;0;1.000;MECCANICHE;0;ev://rotationclass/u1b0y2018p20901;ev://attribute/u1b0y2018p20909;1;1946;NULL
1053838;673272;(*)SELLA COMPLETA;10.000;10.000;10.000;2.550;0;0;0;1.000;MECCANICHE;0;ev://rotationclass/u1b0y2018p20897;ev://attribute/u1b0y2018p20909;1;1946;NULL
1053839;67398600C1;(*)SELLA COMPLETA;10.000;10.000;10.000;4.635;0;0;0;1.000;PLASTICHE;0;ev://rotationclass/u1b0y2018p20901;ev://attribute/u1b0y2018p20909;1;1946;NULL
1053840;673322;(*)SELLA COMPLETA;10.000;10.000;10.000;3.565;0;0;0;1.000;PLASTICHE;0;ev://rotationclass/u1b0y2018p20901;ev://attribute/u1b0y2018p20909;1;1946;NULL
1053841;2B000657000C1;(*)SELLA COMPLETA;10.000;10.000;10.000;7.850;0;0;0;1.000;PLASTICHE;0;ev://rotationclass/u1b0y2018p20900;ev://attribute/u1b0y2018p20909;1;1946;NULL
1053842;JC45100X94020;(*)SELLA CPL.CREAM;10.000;10.000;10.000;2.515;0;0;0;1.000;PLASTICHE;0;ev://rotationclass/u1b0y2018p20897;ev://attribute/u1b0y2018p20909;1;1946;NULL
1053843;JC45100X94030;(*)SELLA GRIGIA;10.000;10.000;10.000;2.535;0;0;0;1.000;MECCANICHE;0;ev://rotationclass/u1b0y2018p20897;ev://attribute/u1b0y2018p20909;1;1946;NULL
1053844;1B001823;(*)SELLA MONOPOSTO;10.000;10.000;10.000;3.850;0;0;0;1.000;MECCANICHE;0;ev://rotationclass/u1b0y2018p20897;ev://attribute/u1b0y2018p20909;1;1946;NULL
1053845;887976;(*)SELLA NERA NABUK/ANDES;10.000;10.000;10.000;2.750;0;0;0;1.000;PLASTICHE;0;ev://rotationclass/u1b0y2018p20900;ev://attribute/u1b0y2018p20909;1;1946;NULL
1053846;89888300C2;(*)SELLA PASSEGGERO SKAY NERO/GIALLO;10.000;10.000;10.000;0.750;0;0;0;1.000;MECCANICHE;0;ev://rotationclass/u1b0y2018p20901;ev://attribute/u1b0y2018p20909;1;1946;NULL
1053847;JC44110X94000;(*)SERBATOIO BENZINA;10.000;10.000;10.000;2.061;0;0;0;1.000;PLASTICHE;0;ev://rotationclass/u1b0y2018p20897;ev://attribute/u1b0y2018p20909;1;1946;NULL
1053848;2B000713000NN;(*)SPOILER INFERIORE DX;10.000;10.000;10.000;0.402;0;0;0;1.000;PLASTICHE;0;ev://rotationclass/u1b0y2018p20898;ev://attribute/u1b0y2018p20909;1;1946;NULL
1053849;2B000714000NN;(*)SPOILER SX;10.000;10.000;10.000;0.414;0;0;0;1.000;PLASTICHE;0;ev://rotationclass/u1b0y2018p20899;ev://attribute/u1b0y2018p20909;1;1946;NULL
1053850;AP8268939;(*)SPORTELLO PORTAOGGETTI ROSSO RUBINO;10.000;10.000;10.000;0.600;0;0;0;1.000;PLASTICHE;0;ev://rotationclass/u1b0y2018p20897;ev://attribute/u1b0y2018p20909;1;1946;NULL
1053851;1E001829;(*)STAFFA ANT. SUPPORTO SERBATOIO CPL.;10.000;10.000;10.000;1.450;0;0;0;1.000;MECCANICHE;0;ev://rotationclass/u1b0y2018p20897;ev://attribute/u1b0y2018p20909;1;1946;NULL
1053852;1E001828;(*)STAFFA ANT. SUPPORTO SERBATOIO CPL.;10.000;10.000;10.000;1.550;0;0;0;1.000;MECCANICHE;0;ev://rotationclass/u1b0y2018p20897;ev://attribute/u1b0y2018p20909;1;1946;NULL
1053853;1E001830;(*)STAFFA POST. SUPPORTO SERBATOIO CPL.;10.000;10.000;10.000;1.600;0;0;0;1.000;PLASTICHE;0;ev://rotationclass/u1b0y2018p20897;ev://attribute/u1b0y2018p20909;1;1946;NULL
1053854;1E001831;(*)STAFFA POST. SUPPORTO SERBATOIO CPL.;10.000;10.000;10.000;1.600;0;0;0;1.000;PLASTICHE;0;ev://rotationclass/u1b0y2018p20897;ev://attribute/u1b0y2018p20909;1;1946;NULL
1053855;1E001832;(*)STAFFA POST. SUPPORTO SERBATOIO CPL.;10.000;10.000;10.000;1.600;0;0;0;1.000;PLASTICHE;0;ev://rotationclass/u1b0y2018p20897;ev://attribute/u1b0y2018p20909;1;1946;NULL
1053856;B064049;(*)STELO;10.000;10.000;10.000;1.400;0;0;0;1.000;MECCANICHE;0;ev://rotationclass/u1b0y2018p20897;ev://attribute/u1b0y2018p20909;1;1946;NULL
1053857;887887;(*)STELO;10.000;10.000;10.000;1.900;0;0;0;1.000;MECCANICHE;0;ev://rotationclass/u1b0y2018p20901;ev://attribute/u1b0y2018p20909;1;1946;NULL
1053858;890393;(*)STELO + PORTARUOTA DX CPL;10.000;10.000;10.000;1.760;0;0;0;1.000;MECCANICHE;0;ev://rotationclass/u1b0y2018p20901;ev://attribute/u1b0y2018p20909;1;1946;NULL
1053859;887091;(*)STELO DX FORCELLA;10.000;10.000;10.000;4.800;0;0;0;1.000;MECCANICHE;0;ev://rotationclass/u1b0y2018p20897;ev://attribute/u1b0y2018p20909;1;1946;NULL
1053860;88733100XNB;(*)SUPPORTO PEDANA PASS  SX V NERO QUASA;10.000;10.000;10.000;0.250;0;0;0;1.000;MECCANICHE;0;ev://rotationclass/u1b0y2018p20897;ev://attribute/u1b0y2018p20909;1;1946;NULL
1053861;JC61511X94000;(*)SUPPORTO SCARICO;10.000;10.000;10.000;2.520;0;0;0;1.000;MECCANICHE;0;ev://rotationclass/u1b0y2018p20897;ev://attribute/u1b0y2018p20909;1;1946;NULL
1053862;B064276;(*)TAPPO AVIO VENTILATO;10.000;10.000;10.000;0.350;0;0;0;1.000;MECCANICHE;0;ev://rotationclass/u1b0y2018p20897;ev://attribute/u1b0y2018p20909;1;1946;NULL
1053863;B063308;(*)TELAIETTO ANTERIORE;10.000;10.000;10.000;1.950;0;0;0;1.000;MECCANICHE;0;ev://rotationclass/u1b0y2018p20897;ev://attribute/u1b0y2018p20909;1;1946;NULL
1053864;JC69400X94000;(*)TUBO FRENO POST;10.000;10.000;10.000;0.800;0;0;0;1.000;PLASTICHE;0;ev://rotationclass/u1b0y2018p20897;ev://attribute/u1b0y2018p20909;1;1946;NULL
1053865;884062;(*)TUBO PARAGAMBE DX PER SIRENE;10.000;10.000;10.000;1.150;0;0;0;1.000;PLASTICHE;0;ev://rotationclass/u1b0y2018p20897;ev://attribute/u1b0y2018p20909;1;1946;NULL
1053866;884063;(*)TUBO PARAGAMBE SX PER SIRENE;10.000;10.000;10.000;1.117;0;0;0;1.000;MECCANICHE;0;ev://rotationclass/u1b0y2018p20897;ev://attribute/u1b0y2018p20909;1;1946;NULL
1053867;JC14320X94000;(*)TUBO SCARICO;10.000;10.000;10.000;0.820;0;0;0;1.000;MECCANICHE;0;ev://rotationclass/u1b0y2018p20897;ev://attribute/u1b0y2018p20909;1;1946;NULL
1053868;858318;(*)TUBO STERZO;10.000;10.000;10.000;3.950;0;0;0;1.000;MECCANICHE;0;ev://rotationclass/u1b0y2018p20897;ev://attribute/u1b0y2018p20909;1;1946;NULL
1053869;JC92211X94000;(*)VANO PORTACASCO;10.000;10.000;10.000;1.500;0;0;0;1.000;PLASTICHE;0;ev://rotationclass/u1b0y2018p20897;ev://attribute/u1b0y2018p20909;1;1946;NULL
1053870;JC17911X94000;(*)VASO D'ESPANSIONE;10.000;10.000;10.000;1.000;0;0;0;1.000;PLASTICHE;0;ev://rotationclass/u1b0y2018p20897;ev://attribute/u1b0y2018p20909;1;1946;NULL
1053871;B06366100YM3;(FIANCHETTO DX MARRONE;10.000;10.000;10.000;0.300;0;0;0;1.000;PLASTICHE;0;ev://rotationclass/u1b0y2018p20897;ev://attribute/u1b0y2018p20909;1;1946;NULL
1053872;883907;*COMPENSATORE CON PI JP;10.000;10.000;10.000;0.300;0;0;0;1.000;MECCANICHE;0;ev://rotationclass/u1b0y2018p20897;ev://attribute/u1b0y2018p20909;1;1946;NULL
1053873;886315;*GR.CANNA+PORTARUOTA+BOCCOLE DX;10.000;10.000;10.000;2.110;0;0;0;1.000;MECCANICHE;0;ev://rotationclass/u1b0y2018p20897;ev://attribute/u1b0y2018p20909;1;1946;NULL
1053874;886317;*GR.CANNA+PORTARUOTA+BOCCOLE SX;10.000;10.000;10.000;1.000;0;0;0;1.000;MECCANICHE;0;ev://rotationclass/u1b0y2018p20897;ev://attribute/u1b0y2018p20909;1;1946;NULL
1053875;976581;*KIT COPPIA CONICA;10.000;10.000;10.000;2.778;0;0;0;1.000;MECCANICHE;0;ev://rotationclass/u1b0y2018p20897;ev://attribute/u1b0y2018p20909;1;1946;NULL
1053876;GU0643430000BM;*PARAF ANT BIANCO/GRIGIO GRISO;10.000;10.000;10.000;1.200;0;0;0;1.000;PLASTICHE;0;ev://rotationclass/u1b0y2018p20897;ev://attribute/u1b0y2018p20909;1;1946;NULL
1053877;978609;*RUOTA POST RAGG 940;10.000;10.000;10.000;5.000;0;0;0;1.000;PLASTICHE;0;ev://rotationclass/u1b0y2018p20897;ev://attribute/u1b0y2018p20909;1;1946;NULL
1053878;88388900XN2;*SEMI PUNTALE DX  NERO COMPETITION;10.000;10.000;10.000;0.345;0;0;0;1.000;PLASTICHE;0;ev://rotationclass/u1b0y2018p20897;ev://attribute/u1b0y2018p20909;1;1946;NULL
1053879;0610020000BM5;*SERB BENZ BIANCO GRISO  8V;10.000;10.000;10.000;6.000;0;0;0;1.000;PLASTICHE;0;ev://rotationclass/u1b0y2018p20897;ev://attribute/u1b0y2018p20909;1;1946;NULL
1053880;88635000XN2;*SERBATOIO NEVADA S NERO COMPETITION;10.000;10.000;10.000;5.000;0;0;0;1.000;MECCANICHE;0;ev://rotationclass/u1b0y2018p20897;ev://attribute/u1b0y2018p20909;1;1946;NULL
1053881;8626487Z01000;+ SUPPORTO                            K9;10.000;10.000;10.000;0.340;0;0;0;1.000;MECCANICHE;0;ev://rotationclass/u1b0y2018p20901;ev://attribute/u1b0y2018p20909;1;1946;NULL
1053882;9154005;10 COPERCHIO;10.000;10.000;10.000;0.210;0;0;0;1.000;MECCANICHE;0;ev://rotationclass/u1b0y2018p20901;ev://attribute/u1b0y2018p20909;1;1946;NULL
1053883;856029;1001(*) FODERO;10.000;10.000;10.000;0.850;0;0;0;1.000;PLASTICHE;0;ev://rotationclass/u1b0y2018p20901;ev://attribute/u1b0y2018p20909;1;1946;NULL
1053884;9234005;12 ELEMENTO***;10.000;10.000;10.000;0.060;0;0;0;1.000;MECCANICHE;0;ev://rotationclass/u1b0y2018p20901;ev://attribute/u1b0y2018p20909;1;1946;NULL
1053885;004499Y001;19.1.14499/1;10.000;10.000;10.000;0.685;0;0;0;1.000;MECCANICHE;0;ev://rotationclass/u1b0y2018p20897/0.0;ev://attribute/u1b0y2018p20909/0.0;1;1946;NULL
1053886;020188Y;19.1.20188;10.000;10.000;10.000;1.970;0;0;0;1.000;PLASTICHE;0;ev://rotationclass/u1b0y2018p20897;ev://attribute/u1b0y2018p20909;1;1946;NULL
1053887;020212Y;19.1.20212;10.000;10.000;10.000;1.921;0;0;0;1.000;MECCANICHE;0;ev://rotationclass/u1b0y2018p20897;ev://attribute/u1b0y2018p20909;1;1946;NULL
1053888;67486700NO;2PORTELLO BATTERIA;10.000;10.000;10.000;0.113;0;0;0;1.000;MECCANICHE;0;ev://rotationclass/u1b0y2018p20897;ev://attribute/u1b0y2018p20909;1;1946;NULL
1053889;9150005;3 C/MANUBRI**;10.000;10.000;10.000;0.245;0;0;0;1.000;MECCANICHE;0;ev://rotationclass/u1b0y2018p20901;ev://attribute/u1b0y2018p20909;1;1946;NULL
1053890;9221005;3/8 SPOILER**;10.000;10.000;10.000;1.455;0;0;0;1.000;PLASTICHE;0;ev://rotationclass/u1b0y2018p20901;ev://attribute/u1b0y2018p20909;1;1946;NULL
1053891;259160;3PROTEZIONE**;10.000;10.000;10.000;0.455;0;0;0;1.000;PLASTICHE;0;ev://rotationclass/u1b0y2018p20897;ev://attribute/u1b0y2018p20909;1;1946;NULL
1053892;AP8235072;450ALLETTO CENTRALE;10.000;10.000;10.000;1.530;0;0;0;1.000;MECCANICHE;0;ev://rotationclass/u1b0y2018p20897;ev://attribute/u1b0y2018p20909;1;1946;NULL
1053893;656440;6UBO COLL.POMPA/RADIATORE;10.000;10.000;10.000;0.360;0;0;0;1.000;PLASTICHE;0;ev://rotationclass/u1b0y2018p20898;ev://attribute/u1b0y2018p20909;1;1946;NULL
1053894;1821495;7 PARAFANGO  *;10.000;10.000;10.000;0.695;0;0;0;1.000;PLASTICHE;0;ev://rotationclass/u1b0y2018p20897;ev://attribute/u1b0y2018p20909;1;1946;NULL
1053895;AP8146693;7AVALLETTO CENTRALE;10.000;10.000;10.000;2.010;0;0;0;1.000;MECCANICHE;0;ev://rotationclass/u1b0y2018p20897;ev://attribute/u1b0y2018p20909;1;1946;NULL
1053896;269534;9 RUOTA ANT**;10.000;10.000;10.000;1.500;0;0;0;1.000;MECCANICHE;0;ev://rotationclass/u1b0y2018p20897;ev://attribute/u1b0y2018p20909;1;1946;NULL
1053897;177920;A CAVETTO  **;10.000;10.000;10.000;0.085;0;0;0;1.000;MECCANICHE;0;ev://rotationclass/u1b0y2018p20897;ev://attribute/u1b0y2018p20909;1;1946;NULL
1053898;1774976;A PARAFANGO -;10.000;10.000;10.000;2.045;0;0;0;1.000;MECCANICHE;0;ev://rotationclass/u1b0y2018p20897;ev://attribute/u1b0y2018p20909;1;1946;NULL
1053899;1836806;A PARAFANGO =;10.000;10.000;10.000;1.355;0;0;0;1.000;PLASTICHE;0;ev://rotationclass/u1b0y2018p20897;ev://attribute/u1b0y2018p20909;1;1946;NULL
1053900;184601;A PARAFANGO**;10.000;10.000;10.000;0.485;0;0;0;1.000;PLASTICHE;0;ev://rotationclass/u1b0y2018p20897;ev://attribute/u1b0y2018p20909;1;1946;NULL
1053901;099011;A TRASMISSIONE;10.000;10.000;10.000;0.170;0;0;0;1.000;MECCANICHE;0;ev://rotationclass/u1b0y2018p20898;ev://attribute/u1b0y2018p20909;1;1946;NULL
1053902;117619;A TUBO POMP**;10.000;10.000;10.000;0.116;0;0;0;1.000;MECCANICHE;0;ev://rotationclass/u1b0y2018p20900;ev://attribute/u1b0y2018p20909;1;1946;NULL
1053903;913800;A1 COP.POST.SCOCCA;10.000;10.000;10.000;0.415;0;0;0;1.000;MECCANICHE;0;ev://rotationclass/u1b0y2018p20901;ev://attribute/u1b0y2018p20909;1;1946;NULL
1053904;2D000236;ABS CLUSTER A RIEMPITO (PER RICAMBI);10.000;10.000;10.000;1.300;0;0;0;1.000;MECCANICHE;0;ev://rotationclass/u1b0y2018p20901;ev://attribute/u1b0y2018p20909;1;1946;NULL
1053905;GU31704560;ACCUMULATORE 12V/20A;10.000;10.000;10.000;4.600;0;0;0;1.000;MECCANICHE;0;ev://rotationclass/u1b0y2018p20897;ev://attribute/u1b0y2018p20909;1;1946;NULL
1053906;588295;ADESIVO SX BCP90-0008727;10.000;10.000;10.000;0.010;0;0;0;1.000;PLASTICHE;0;ev://rotationclass/u1b0y2018p20897;ev://attribute/u1b0y2018p20909;1;1946;NULL
1053907;AP1BOA000029;ALB. RUOTA ASSEMB. Z=64 50AW2;10.000;10.000;10.000;0.875;0;0;0;1.000;MECCANICHE;0;ev://rotationclass/u1b0y2018p20897;ev://attribute/u1b0y2018p20909;1;1946;NULL
1053908;850002;ALB.GOMITO 1051.219;10.000;10.000;10.000;7.768;0;0;0;1.000;MECCANICHE;0;ev://rotationclass/u1b0y2018p20900;ev://attribute/u1b0y2018p20909;1;1946;NULL
1053909;588240;ALB.TRA.BCP11-0010170 (4X4);10.000;10.000;10.000;4.350;0;0;0;1.000;MECCANICHE;0;ev://rotationclass/u1b0y2018p20897;ev://attribute/u1b0y2018p20909;1;1946;NULL
1053910;588192;ALBE.TRA BAG11-0004112;10.000;10.000;10.000;5.180;0;0;0;1.000;MECCANICHE;0;ev://rotationclass/u1b0y2018p20897;ev://attribute/u1b0y2018p20909;1;1946;NULL
1053911;1A0068355;ALBERINO DI RINVIO COMPLETO;10.000;10.000;10.000;0.450;0;0;0;1.000;MECCANICHE;0;ev://rotationclass/u1b0y2018p20897;ev://attribute/u1b0y2018p20909;1;1946;NULL
1053912;833784;ALBERINO DI RINVIO CON P.I.;10.000;10.000;10.000;0.376;0;0;0;1.000;MECCANICHE;0;ev://rotationclass/u1b0y2018p20897;ev://attribute/u1b0y2018p20909;1;1946;NULL
1053913;GU320534104;ALBERO A CAMME;10.000;10.000;10.000;0.900;0;0;0;1.000;MECCANICHE;0;ev://rotationclass/u1b0y2018p20897;ev://attribute/u1b0y2018p20909;1;1946;NULL
1053914;1A005512;ALBERO A CAMME;10.000;10.000;10.000;1.600;0;0;0;1.000;MECCANICHE;0;ev://rotationclass/u1b0y2018p20897;ev://attribute/u1b0y2018p20909;1;1946;NULL
1053915;1A005513;ALBERO A CAMME;10.000;10.000;10.000;1.450;0;0;0;1.000;MECCANICHE;0;ev://rotationclass/u1b0y2018p20897;ev://attribute/u1b0y2018p20909;1;1946;NULL
1053916;GU29053351;ALBERO A CAMME;10.000;10.000;10.000;1.100;0;0;0;1.000;MECCANICHE;0;ev://rotationclass/u1b0y2018p20897;ev://attribute/u1b0y2018p20909;1;1946;NULL
1053917;2A0003275;ALBERO A CAMME ASPIR. CPL.X RIC.;10.000;10.000;10.000;0.750;0;0;0;1.000;MECCANICHE;0;ev://rotationclass/u1b0y2018p20897;ev://attribute/u1b0y2018p20909;1;1946;NULL
1053918;1A0037710B;ALBERO A CAMME COMPLETO;10.000;10.000;10.000;0.200;0;0;0;1.000;MECCANICHE;0;ev://rotationclass/u1b0y2018p20898;ev://attribute/u1b0y2018p20909;1;1946;NULL
1053919;1A006686;ALBERO CAMBIO SECONDARIO;10.000;10.000;10.000;1.450;0;0;0;1.000;MECCANICHE;0;ev://rotationclass/u1b0y2018p20897;ev://attribute/u1b0y2018p20909;1;1946;NULL
1053920;AP3NCA000847;ALBERO DI RINVIO COMPL.;10.000;10.000;10.000;0.100;0;0;0;1.000;MECCANICHE;0;ev://rotationclass/u1b0y2018p20897;ev://attribute/u1b0y2018p20909;1;1946;NULL
1053921;AP3NCA000851;ALBERO DI RINVIO COMPLETO;10.000;10.000;10.000;0.925;0;0;0;1.000;MECCANICHE;0;ev://rotationclass/u1b0y2018p20897;ev://attribute/u1b0y2018p20909;1;1946;NULL
1053922;B000229;ALBERO DI TRASMISSIONE;10.000;10.000;10.000;4.925;0;0;0;1.000;MECCANICHE;0;ev://rotationclass/u1b0y2018p20897;ev://attribute/u1b0y2018p20909;1;1946;NULL
1053923;CM038104;ALBERO DI TRASMISSIONE;10.000;10.000;10.000;4.000;0;0;0;1.000;MECCANICHE;0;ev://rotationclass/u1b0y2018p20897;ev://attribute/u1b0y2018p20909;1;1946;NULL
1053924;CM038105;ALBERO DI TRASMISSIONE;10.000;10.000;10.000;4.240;0;0;0;1.000;MECCANICHE;0;ev://rotationclass/u1b0y2018p20897;ev://attribute/u1b0y2018p20909;1;1946;NULL
1053925;CM038106;ALBERO DI TRASMISSIONE;10.000;10.000;10.000;4.275;0;0;0;1.000;MECCANICHE;0;ev://rotationclass/u1b0y2018p20897;ev://attribute/u1b0y2018p20909;1;1946;NULL
1053926;1A005754;ALBERO DI TRASMISSIONE;10.000;10.000;10.000;1.400;0;0;0;1.000;MECCANICHE;0;ev://rotationclass/u1b0y2018p20901;ev://attribute/u1b0y2018p20909;1;1946;NULL
1053927;CM038101;ALBERO DI TRASMISSIONE MAXXI;10.000;10.000;10.000;4.900;0;0;0;1.000;MECCANICHE;0;ev://rotationclass/u1b0y2018p20897;ev://attribute/u1b0y2018p20909;1;1946;NULL
1053928;CM0381035;ALBERO DI TRASMISSIONE PICK;10.000;10.000;10.000;4.100;0;0;0;1.000;PLASTICHE;0;ev://rotationclass/u1b0y2018p20897;ev://attribute/u1b0y2018p20909;1;1946;NULL
1053929;2A000792;ALBERO FRIZIONE CON P.I. Z=21;10.000;10.000;10.000;1.000;0;0;0;1.000;MECCANICHE;0;ev://rotationclass/u1b0y2018p20897;ev://attribute/u1b0y2018p20909;1;1946;NULL
1053930;L1055101;ALBERO INGR.CAMBIO (5 VELOCITA');10.000;10.000;10.000;4.800;0;0;0;1.000;MECCANICHE;0;ev://rotationclass/u1b0y2018p20897;ev://attribute/u1b0y2018p20909;1;1946;NULL
1053931;B0144170A;ALBERO MOT. CPL DI BIEL. "CAT. E1/E2/E3";10.000;10.000;10.000;8.550;0;0;0;1.000;MECCANICHE;0;ev://rotationclass/u1b0y2018p20897;ev://attribute/u1b0y2018p20909;1;1946;NULL
1053932;B0191060A;ALBERO MOT. CPL DI BIEL. "CAT. E1/E2/E3";10.000;10.000;10.000;8.619;0;0;0;1.000;MECCANICHE;0;ev://rotationclass/u1b0y2018p20897;ev://attribute/u1b0y2018p20909;1;1946;NULL
1053933;B0144170B;ALBERO MOT. CPL DI BIEL. CAT.E4/E5/E6/E7;10.000;10.000;10.000;8.619;0;0;0;1.000;MECCANICHE;0;ev://rotationclass/u1b0y2018p20897;ev://attribute/u1b0y2018p20909;1;1946;NULL
1053934;2A000099;ALBERO MOTORE;10.000;10.000;10.000;5.850;0;0;0;1.000;MECCANICHE;0;ev://rotationclass/u1b0y2018p20900;ev://attribute/u1b0y2018p20909;1;1946;NULL
1053935;00G02502141;ALBERO MOTORE;10.000;10.000;10.000;1.117;0;0;0;1.000;MECCANICHE;0;ev://rotationclass/u1b0y2018p20897;ev://attribute/u1b0y2018p20909;1;1946;NULL
1053936;E43510715;ALBERO MOTORE;10.000;10.000;10.000;5.913;0;0;0;1.000;MECCANICHE;0;ev://rotationclass/u1b0y2018p20897;ev://attribute/u1b0y2018p20909;1;1946;NULL
1053937;856615;ALBERO MOTORE;10.000;10.000;10.000;2.780;0;0;0;1.000;MECCANICHE;0;ev://rotationclass/u1b0y2018p20899;ev://attribute/u1b0y2018p20909;1;1946;NULL
1053938;AP8600105;ALBERO MOTORE;10.000;10.000;10.000;5.089;0;0;0;1.000;MECCANICHE;0;ev://rotationclass/u1b0y2018p20897;ev://attribute/u1b0y2018p20909;1;1946;NULL
1053939;976187;ALBERO MOTORE 1200 C/TAPPO;10.000;10.000;10.000;7.400;0;0;0;1.000;MECCANICHE;0;ev://rotationclass/u1b0y2018p20897;ev://attribute/u1b0y2018p20909;1;1946;NULL
1053940;976119;ALBERO MOTORE 850 C/TAPPO;10.000;10.000;10.000;7.400;0;0;0;1.000;MECCANICHE;0;ev://rotationclass/u1b0y2018p20897;ev://attribute/u1b0y2018p20909;1;1946;NULL
1053941;1A0050110A;ALBERO MOTORE 900CC - CLASSE 4;10.000;10.000;10.000;7.000;0;0;0;1.000;MECCANICHE;0;ev://rotationclass/u1b0y2018p20897;ev://attribute/u1b0y2018p20909;1;1946;NULL
1053942;1A0050110B;ALBERO MOTORE 900CC - CLASSE 5;10.000;10.000;10.000;7.000;0;0;0;1.000;MECCANICHE;0;ev://rotationclass/u1b0y2018p20897;ev://attribute/u1b0y2018p20909;1;1946;NULL
1053943;1A0050110C;ALBERO MOTORE 900CC - CLASSE 6;10.000;10.000;10.000;7.000;0;0;0;1.000;MECCANICHE;0;ev://rotationclass/u1b0y2018p20897;ev://attribute/u1b0y2018p20909;1;1946;NULL
1053944;1A0050110D;ALBERO MOTORE 900CC - CLASSE 7;10.000;10.000;10.000;7.000;0;0;0;1.000;MECCANICHE;0;ev://rotationclass/u1b0y2018p20897;ev://attribute/u1b0y2018p20909;1;1946;NULL
1053945;8411965001;ALBERO MOTORE CAT 1;10.000;10.000;10.000;3.080;0;0;0;1.000;MECCANICHE;0;ev://rotationclass/u1b0y2018p20901;ev://attribute/u1b0y2018p20909;1;1946;NULL
1053946;8423835002;ALBERO MOTORE CAT 2;10.000;10.000;10.000;3.025;0;0;0;1.000;MECCANICHE;0;ev://rotationclass/u1b0y2018p20898;ev://attribute/u1b0y2018p20909;1;1946;NULL
1053947;AP1BFA000012;ALBERO MOTORE COMP.TO 50A2;10.000;10.000;10.000;0.995;0;0;0;1.000;MECCANICHE;0;ev://rotationclass/u1b0y2018p20897;ev://attribute/u1b0y2018p20909;1;1946;NULL
1053948;8269406;ALBERO MOTORE COMPL.;10.000;10.000;10.000;1.050;0;0;0;1.000;MECCANICHE;0;ev://rotationclass/u1b0y2018p20901;ev://attribute/u1b0y2018p20909;1;1946;NULL
1053949;AP0294770;ALBERO MOTORE COMPL.;10.000;10.000;10.000;2.450;0;0;0;1.000;MECCANICHE;0;ev://rotationclass/u1b0y2018p20897;ev://attribute/u1b0y2018p20909;1;1946;NULL
1053950;AP0295596;ALBERO MOTORE COMPL.;10.000;10.000;10.000;2.810;0;0;0;1.000;MECCANICHE;0;ev://rotationclass/u1b0y2018p20897;ev://attribute/u1b0y2018p20909;1;1946;NULL
1053951;B0133785003;ALBERO MOTORE COMPL.(CAT.NERO);10.000;10.000;10.000;8.300;0;0;0;1.000;MECCANICHE;0;ev://rotationclass/u1b0y2018p20897;ev://attribute/u1b0y2018p20909;1;1946;NULL
1053952;B0133785002;ALBERO MOTORE COMPL.(CAT.VERDE);10.000;10.000;10.000;8.300;0;0;0;1.000;MECCANICHE;0;ev://rotationclass/u1b0y2018p20897;ev://attribute/u1b0y2018p20909;1;1946;NULL
1053953;969958;ALBERO MOTORE COMPL.DI CUSC.;10.000;10.000;10.000;1.000;0;0;0;1.000;MECCANICHE;0;ev://rotationclass/u1b0y2018p20901;ev://attribute/u1b0y2018p20909;1;1946;NULL
1053954;8553745;ALBERO MOTORE COMPL.DI INSERTI X RIC.;10.000;10.000;10.000;2.000;0;0;0;1.000;MECCANICHE;0;ev://rotationclass/u1b0y2018p20900;ev://attribute/u1b0y2018p20909;1;1946;NULL
1053955;AP0295375;ALBERO MOTORE COMPLETO;10.000;10.000;10.000;2.500;0;0;0;1.000;MECCANICHE;0;ev://rotationclass/u1b0y2018p20901;ev://attribute/u1b0y2018p20909;1;1946;NULL
1053956;B0454575;ALBERO MOTORE COMPLETO;10.000;10.000;10.000;6.350;0;0;0;1.000;MECCANICHE;0;ev://rotationclass/u1b0y2018p20897;ev://attribute/u1b0y2018p20909;1;1946;NULL
1053957;1A008651;ALBERO MOTORE COMPLETO;10.000;10.000;10.000;4.103;0;0;0;1.000;MECCANICHE;0;ev://rotationclass/u1b0y2018p20897;ev://attribute/u1b0y2018p20909;1;1946;NULL
1053958;83052R;ALBERO MOTORE COMPLETO;10.000;10.000;10.000;1.650;0;0;0;1.000;MECCANICHE;0;ev://rotationclass/u1b0y2018p20898;ev://attribute/u1b0y2018p20909;1;1946;NULL
1053959;B011664;ALBERO MOTORE COMPLETO;10.000;10.000;10.000;14.000;0;0;0;1.000;MECCANICHE;0;ev://rotationclass/u1b0y2018p20897;ev://attribute/u1b0y2018p20909;1;1946;NULL
1053960;1A004036;ALBERO MOTORE COMPLETO;10.000;10.000;10.000;6.500;0;0;0;1.000;MECCANICHE;0;ev://rotationclass/u1b0y2018p20897;ev://attribute/u1b0y2018p20909;1;1946;NULL
1053961;1A006671AA;ALBERO MOTORE COMPLETO 1^ CATEGORIA;10.000;10.000;10.000;5.750;0;0;0;1.000;MECCANICHE;0;ev://rotationclass/u1b0y2018p20897;ev://attribute/u1b0y2018p20909;1;1946;NULL
1053962;2A000588AA;ALBERO MOTORE COMPLETO 1^ CATEGORIA;10.000;10.000;10.000;5.700;0;0;0;1.000;MECCANICHE;0;ev://rotationclass/u1b0y2018p20897;ev://attribute/u1b0y2018p20909;1;1946;NULL
1053963;2A0007980A;ALBERO MOTORE COMPLETO 1^ CATEGORIA;10.000;10.000;10.000;5.800;0;0;0;1.000;MECCANICHE;0;ev://rotationclass/u1b0y2018p20897;ev://attribute/u1b0y2018p20909;1;1946;NULL
1053964;1A006600AA;ALBERO MOTORE COMPLETO 1^ CATEGORIA;10.000;10.000;10.000;5.800;0;0;0;1.000;MECCANICHE;0;ev://rotationclass/u1b0y2018p20897;ev://attribute/u1b0y2018p20909;1;1946;NULL
1053965;83051R0A;ALBERO MOTORE COMPLETO 1Â° CAT.;10.000;10.000;10.000;4.404;0;0;0;1.000;MECCANICHE;0;ev://rotationclass/u1b0y2018p20898;ev://attribute/u1b0y2018p20909;1;1946;NULL
1053966;83050R0A;ALBERO MOTORE COMPLETO 1Â° CAT.;10.000;10.000;10.000;3.005;0;0;0;1.000;MECCANICHE;0;ev://rotationclass/u1b0y2018p20897;ev://attribute/u1b0y2018p20909;1;1946;NULL
1053967;1A0027400A;ALBERO MOTORE COMPLETO 1Âª CLASSE;10.000;10.000;10.000;2.900;0;0;0;1.000;MECCANICHE;0;ev://rotationclass/u1b0y2018p20900;ev://attribute/u1b0y2018p20909;1;1946;NULL
1053968;2A000588BB;ALBERO MOTORE COMPLETO 2^ CATEGORIA;10.000;10.000;10.000;5.650;0;0;0;1.000;MECCANICHE;0;ev://rotationclass/u1b0y2018p20897;ev://attribute/u1b0y2018p20909;1;1946;NULL
1053969;2A0007980B;ALBERO MOTORE COMPLETO 2^ CATEGORIA;10.000;10.000;10.000;5.800;0;0;0;1.000;MECCANICHE;0;ev://rotationclass/u1b0y2018p20897;ev://attribute/u1b0y2018p20909;1;1946;NULL
1053970;1A006600BB;ALBERO MOTORE COMPLETO 2^ CATEGORIA;10.000;10.000;10.000;5.800;0;0;0;1.000;MECCANICHE;0;ev://rotationclass/u1b0y2018p20897;ev://attribute/u1b0y2018p20909;1;1946;NULL
1053971;1A006671BB;ALBERO MOTORE COMPLETO 2^ CATEGORIA;10.000;10.000;10.000;5.950;0;0;0;1.000;MECCANICHE;0;ev://rotationclass/u1b0y2018p20897;ev://attribute/u1b0y2018p20909;1;1946;NULL
1053972;83050R0B;ALBERO MOTORE COMPLETO 2Â° CAT.;10.000;10.000;10.000;3.005;0;0;0;1.000;MECCANICHE;0;ev://rotationclass/u1b0y2018p20898;ev://attribute/u1b0y2018p20909;1;1946;NULL
1053973;83051R0B;ALBERO MOTORE COMPLETO 2Â° CAT.;10.000;10.000;10.000;4.404;0;0;0;1.000;MECCANICHE;0;ev://rotationclass/u1b0y2018p20898;ev://attribute/u1b0y2018p20909;1;1946;NULL
1053974;1A0027400B;ALBERO MOTORE COMPLETO 2Âª CLASSE;10.000;10.000;10.000;2.850;0;0;0;1.000;MECCANICHE;0;ev://rotationclass/u1b0y2018p20901;ev://attribute/u1b0y2018p20909;1;1946;NULL
1053975;2A000798AA;ALBERO MOTORE COMPLETO CLASSE AA;10.000;10.000;10.000;5.850;0;0;0;1.000;MECCANICHE;0;ev://rotationclass/u1b0y2018p20897;ev://attribute/u1b0y2018p20909;1;1946;NULL
1053976;2A000798BB;ALBERO MOTORE COMPLETO CLASSE BB;10.000;10.000;10.000;5.900;0;0;0;1.000;MECCANICHE;0;ev://rotationclass/u1b0y2018p20897;ev://attribute/u1b0y2018p20909;1;1946;NULL
1053977;2A000798CC;ALBERO MOTORE COMPLETO CLASSE CC;10.000;10.000;10.000;5.850;0;0;0;1.000;MECCANICHE;0;ev://rotationclass/u1b0y2018p20897;ev://attribute/u1b0y2018p20909;1;1946;NULL
1053978;2A000798DD;ALBERO MOTORE COMPLETO CLASSE DD;10.000;10.000;10.000;5.850;0;0;0;1.000;MECCANICHE;0;ev://rotationclass/u1b0y2018p20897;ev://attribute/u1b0y2018p20909;1;1946;NULL
1053979;2A000798EE;ALBERO MOTORE COMPLETO CLASSE EE;10.000;10.000;10.000;5.900;0;0;0;1.000;MECCANICHE;0;ev://rotationclass/u1b0y2018p20897;ev://attribute/u1b0y2018p20909;1;1946;NULL
1053980;SP1A007011;ALBERO MOTORE COMPLETO DI GETTO OLIO;10.000;10.000;10.000;4.800;0;0;0;1.000;MECCANICHE;0;ev://rotationclass/u1b0y2018p20897;ev://attribute/u1b0y2018p20909;1;1946;NULL
1053981;8742050002;ALBERO MOTORE COMPLETO X RIC.;10.000;10.000;10.000;7.685;0;0;0;1.000;MECCANICHE;0;ev://rotationclass/u1b0y2018p20901;ev://attribute/u1b0y2018p20909;1;1946;NULL
1053982;8742050001;ALBERO MOTORE COMPLETO X RIC.;10.000;10.000;10.000;7.535;0;0;0;1.000;MECCANICHE;0;ev://rotationclass/u1b0y2018p20901;ev://attribute/u1b0y2018p20909;1;1946;NULL
1053983;8729755002;ALBERO MOTORE COMPLETO X RIC.;10.000;10.000;10.000;3.005;0;0;0;1.000;MECCANICHE;0;ev://rotationclass/u1b0y2018p20897;ev://attribute/u1b0y2018p20909;1;1946;NULL
1053984;1A0032210A;ALBERO MOTORE COMPLETO X RICAMBI;10.000;10.000;10.000;3.000;0;0;0;1.000;MECCANICHE;0;ev://rotationclass/u1b0y2018p20900;ev://attribute/u1b0y2018p20909;1;1946;NULL
1053985;1A0032210B;ALBERO MOTORE COMPLETO X RICAMBI;10.000;10.000;10.000;3.000;0;0;0;1.000;MECCANICHE;0;ev://rotationclass/u1b0y2018p20898;ev://attribute/u1b0y2018p20909;1;1946;NULL
1053986;8737560001;ALBERO MOTORE COMPLETO X RICAMBI;10.000;10.000;10.000;5.655;0;0;0;1.000;MECCANICHE;0;ev://rotationclass/u1b0y2018p20899;ev://attribute/u1b0y2018p20909;1;1946;NULL
1053987;8737560002;ALBERO MOTORE COMPLETO X RICAMBI;10.000;10.000;10.000;5.500;0;0;0;1.000;MECCANICHE;0;ev://rotationclass/u1b0y2018p20898;ev://attribute/u1b0y2018p20909;1;1946;NULL
1053988;AP0684795;ALBERO MOTORE CPL;10.000;10.000;10.000;6.860;0;0;0;1.000;MECCANICHE;0;ev://rotationclass/u1b0y2018p20897;ev://attribute/u1b0y2018p20909;1;1946;NULL
1053989;RB000033;ALBERO MOTORE CPL;10.000;10.000;10.000;3.450;0;0;0;1.000;MECCANICHE;0;ev://rotationclass/u1b0y2018p20897;ev://attribute/u1b0y2018p20909;1;1946;NULL
1053990;8742045002;ALBERO MOTORE CPL CAT. 2;10.000;10.000;10.000;7.748;0;0;0;1.000;MECCANICHE;0;ev://rotationclass/u1b0y2018p20897;ev://attribute/u1b0y2018p20909;1;1946;NULL
1053991;B0164155;ALBERO MOTORE CPL DI BIELLE X RIC.;10.000;10.000;10.000;7.437;0;0;0;1.000;MECCANICHE;0;ev://rotationclass/u1b0y2018p20897;ev://attribute/u1b0y2018p20909;1;1946;NULL
1053992;8868555001;ALBERO MOTORE CPL. CAT.MARRONE X RIC.;10.000;10.000;10.000;7.516;0;0;0;1.000;MECCANICHE;0;ev://rotationclass/u1b0y2018p20897;ev://attribute/u1b0y2018p20909;1;1946;NULL
1053993;8720925001;ALBERO MOTORE CPL.X RIC. 1Â° CAT.;10.000;10.000;10.000;5.709;0;0;0;1.000;MECCANICHE;0;ev://rotationclass/u1b0y2018p20901;ev://attribute/u1b0y2018p20909;1;1946;NULL
1053994;8720925002;ALBERO MOTORE CPL.X RIC. 2Â° CAT.;10.000;10.000;10.000;5.720;0;0;0;1.000;MECCANICHE;0;ev://rotationclass/u1b0y2018p20899;ev://attribute/u1b0y2018p20909;1;1946;NULL
1053995;8291295;ALBERO MOTORE PER RIC.;10.000;10.000;10.000;2.200;0;0;0;1.000;MECCANICHE;0;ev://rotationclass/u1b0y2018p20899;ev://attribute/u1b0y2018p20909;1;1946;NULL
1053996;976117;ALBERO MOTORE V11 C/TAPPO;10.000;10.000;10.000;7.400;0;0;0;1.000;MECCANICHE;0;ev://rotationclass/u1b0y2018p20897;ev://attribute/u1b0y2018p20909;1;1946;NULL
1053997;976116;ALBERO MOTORE V12 (C=81.2);10.000;10.000;10.000;7.400;0;0;0;1.000;MECCANICHE;0;ev://rotationclass/u1b0y2018p20897;ev://attribute/u1b0y2018p20909;1;1946;NULL
1053998;1A005161;ALBERO PRIMARIO;10.000;10.000;10.000;1.800;0;0;0;1.000;MECCANICHE;0;ev://rotationclass/u1b0y2018p20899;ev://attribute/u1b0y2018p20909;1;1946;NULL
1053999;1A003607R;ALBERO PRIMARIO CAMBIO;10.000;10.000;10.000;1.650;0;0;0;1.000;MECCANICHE;0;ev://rotationclass/u1b0y2018p20897;ev://attribute/u1b0y2018p20909;1;1946;NULL
1054000;1F000750;ALBERO PRIMARIO CAMBIO;10.000;10.000;10.000;1.750;0;0;0;1.000;MECCANICHE;0;ev://rotationclass/u1b0y2018p20897;ev://attribute/u1b0y2018p20909;1;1946;NULL
1054001;2A000199;ALBERO PRIMARIO COMPL.;10.000;10.000;10.000;2.400;0;0;0;1.000;MECCANICHE;0;ev://rotationclass/u1b0y2018p20897;ev://attribute/u1b0y2018p20909;1;1946;NULL
1054002;B010338;ALBERO SECONDARIO;10.000;10.000;10.000;0.300;0;0;0;1.000;MECCANICHE;0;ev://rotationclass/u1b0y2018p20897;ev://attribute/u1b0y2018p20909;1;1946;NULL
1054003;849301;ALBERO SECONDARIO CAMBIO CON P.I.;10.000;10.000;10.000;0.150;0;0;0;1.000;MECCANICHE;0;ev://rotationclass/u1b0y2018p20897;ev://attribute/u1b0y2018p20909;1;1946;NULL
1054004;2A000202;ALBERO SECONDARIO COMPL.;10.000;10.000;10.000;2.850;0;0;0;1.000;MECCANICHE;0;ev://rotationclass/u1b0y2018p20897;ev://attribute/u1b0y2018p20909;1;1946;NULL
1054005;847028;ALBERO SECONDARIO COMPLETO;10.000;10.000;10.000;1.040;0;0;0;1.000;MECCANICHE;0;ev://rotationclass/u1b0y2018p20901;ev://attribute/u1b0y2018p20909;1;1946;NULL
1054006;615338;ALBERO TRASMI.;10.000;10.000;10.000;4.115;0;0;0;1.000;MECCANICHE;0;ev://rotationclass/u1b0y2018p20899;ev://attribute/u1b0y2018p20909;1;1946;NULL
1054007;614636;ALBERO TRASMIS VAN 4X4;10.000;10.000;10.000;3.505;0;0;0;1.000;MECCANICHE;0;ev://rotationclass/u1b0y2018p20901;ev://attribute/u1b0y2018p20909;1;1946;NULL
1054008;B010215;ALTERNATORE;10.000;10.000;10.000;4.175;0;0;0;1.000;MECCANICHE;0;ev://rotationclass/u1b0y2018p20897;ev://attribute/u1b0y2018p20909;1;1946;NULL
1054009;1A005658;ALTERNATORE;10.000;10.000;10.000;4.350;0;0;0;1.000;MECCANICHE;0;ev://rotationclass/u1b0y2018p20898;ev://attribute/u1b0y2018p20909;1;1946;NULL
1054010;2706087512000;ALTERNATORE**;10.000;10.000;10.000;3.345;0;0;0;1.000;MECCANICHE;0;ev://rotationclass/u1b0y2018p20899;ev://attribute/u1b0y2018p20909;1;1946;NULL
1054011;886255;ALTERNATORE/DINAMOTORE;10.000;10.000;10.000;3.270;0;0;0;1.000;MECCANICHE;0;ev://rotationclass/u1b0y2018p20899;ev://attribute/u1b0y2018p20909;1;1946;NULL
1054012;B005948;ALZACRISTALLO SX POSTERIORE;10.000;10.000;10.000;2.185;0;0;0;1.000;MECCANICHE;0;ev://rotationclass/u1b0y2018p20897;ev://attribute/u1b0y2018p20909;1;1946;NULL
1054013;853584;AMM.POST.COMPL. RACING CENTRATO (SXV);10.000;10.000;10.000;4.085;0;0;0;1.000;MECCANICHE;0;ev://rotationclass/u1b0y2018p20899;ev://attribute/u1b0y2018p20909;1;1946;NULL
1054014;883855;AMMORTIZ POST NORGE 4V;10.000;10.000;10.000;3.504;0;0;0;1.000;MECCANICHE;0;ev://rotationclass/u1b0y2018p20901;ev://attribute/u1b0y2018p20909;1;1946;NULL
1054015;650761;AMMORTIZ.RE POST COMPL.;10.000;10.000;10.000;1.950;0;0;0;1.000;MECCANICHE;0;ev://rotationclass/u1b0y2018p20897;ev://attribute/u1b0y2018p20909;1;1946;NULL
1054016;665541;AMMORTIZZ. ANTER.COMPLETO (DITTA BOSS);10.000;10.000;10.000;4.000;0;0;0;1.000;MECCANICHE;0;ev://rotationclass/u1b0y2018p20897;ev://attribute/u1b0y2018p20909;1;1946;NULL
1054017;606621M;AMMORTIZZ. OHLINS TTX RSV4 RF EURO 4;10.000;10.000;10.000;2.950;0;0;0;1.000;MECCANICHE;0;ev://rotationclass/u1b0y2018p20897;ev://attribute/u1b0y2018p20909;1;1946;NULL
1054018;566504;AMMORTIZZ.ANTER.COMPLE;10.000;10.000;10.000;1.785;0;0;0;1.000;MECCANICHE;0;ev://rotationclass/u1b0y2018p20899;ev://attribute/u1b0y2018p20909;1;1946;NULL
1054019;566503;AMMORTIZZ.ANTER.COMPLE;10.000;10.000;10.000;1.740;0;0;0;1.000;MECCANICHE;0;ev://rotationclass/u1b0y2018p20898;ev://attribute/u1b0y2018p20909;1;1946;NULL
1054020;1364514;AMMORTIZZ.POST.COMPL;10.000;10.000;10.000;1.230;0;0;0;1.000;MECCANICHE;0;ev://rotationclass/u1b0y2018p20898;ev://attribute/u1b0y2018p20909;1;1946;NULL
1054021;2664264;AMMORTIZZ.POST.COMPL;10.000;10.000;10.000;1.575;0;0;0;1.000;MECCANICHE;0;ev://rotationclass/u1b0y2018p20901;ev://attribute/u1b0y2018p20909;1;1946;NULL
1054022;564505;AMMORTIZZ.POSTER.COMPL;10.000;10.000;10.000;1.660;0;0;0;1.000;MECCANICHE;0;ev://rotationclass/u1b0y2018p20897;ev://attribute/u1b0y2018p20909;1;1946;NULL
1054023;564109;AMMORTIZZ.POSTER.COMPL;10.000;10.000;10.000;1.200;0;0;0;1.000;MECCANICHE;0;ev://rotationclass/u1b0y2018p20900;ev://attribute/u1b0y2018p20909;1;1946;NULL
1054024;AP8123799;AMMORTIZZATORE;10.000;10.000;10.000;1.425;0;0;0;1.000;MECCANICHE;0;ev://rotationclass/u1b0y2018p20897;ev://attribute/u1b0y2018p20909;1;1946;NULL
1054025;AP8223120;AMMORTIZZATORE;10.000;10.000;10.000;1.345;0;0;0;1.000;MECCANICHE;0;ev://rotationclass/u1b0y2018p20897;ev://attribute/u1b0y2018p20909;1;1946;NULL
1054026;860169;AMMORTIZZATORE;10.000;10.000;10.000;2.750;0;0;0;1.000;MECCANICHE;0;ev://rotationclass/u1b0y2018p20897;ev://attribute/u1b0y2018p20909;1;1946;NULL
1054027;AP8223015;AMMORTIZZATORE;10.000;10.000;10.000;1.345;0;0;0;1.000;MECCANICHE;0;ev://rotationclass/u1b0y2018p20897;ev://attribute/u1b0y2018p20909;1;1946;NULL
1054028;AP8163497;AMMORTIZZATORE;10.000;10.000;10.000;2.530;0;0;0;1.000;MECCANICHE;0;ev://rotationclass/u1b0y2018p20897;ev://attribute/u1b0y2018p20909;1;1946;NULL
1054029;B044563;AMMORTIZZATORE;10.000;10.000;10.000;2.750;0;0;0;1.000;MECCANICHE;0;ev://rotationclass/u1b0y2018p20897;ev://attribute/u1b0y2018p20909;1;1946;NULL
1054030;AP8163378;AMMORTIZZATORE;10.000;10.000;10.000;3.970;0;0;0;1.000;MECCANICHE;0;ev://rotationclass/u1b0y2018p20897;ev://attribute/u1b0y2018p20909;1;1946;NULL
1054031;AP8163118;AMMORTIZZATORE;10.000;10.000;10.000;1.740;0;0;0;1.000;MECCANICHE;0;ev://rotationclass/u1b0y2018p20897;ev://attribute/u1b0y2018p20909;1;1946;NULL
1054032;AP8123877;AMMORTIZZATORE;10.000;10.000;10.000;1.500;0;0;0;1.000;MECCANICHE;0;ev://rotationclass/u1b0y2018p20897;ev://attribute/u1b0y2018p20909;1;1946;NULL
1054033;8669370001;AMMORTIZZATORE;10.000;10.000;10.000;2.682;0;0;0;1.000;MECCANICHE;0;ev://rotationclass/u1b0y2018p20897;ev://attribute/u1b0y2018p20909;1;1946;NULL
1054034;AP8203631;AMMORTIZZATORE;10.000;10.000;10.000;1.090;0;0;0;1.000;MECCANICHE;0;ev://rotationclass/u1b0y2018p20897;ev://attribute/u1b0y2018p20909;1;1946;NULL
1054035;AP8163044;AMMORTIZZATORE;10.000;10.000;10.000;2.500;0;0;0;1.000;MECCANICHE;0;ev://rotationclass/u1b0y2018p20897;ev://attribute/u1b0y2018p20909;1;1946;NULL
1054036;AP8223067;AMMORTIZZATORE;10.000;10.000;10.000;1.000;0;0;0;1.000;MECCANICHE;0;ev://rotationclass/u1b0y2018p20897;ev://attribute/u1b0y2018p20909;1;1946;NULL
1054037;8670020001;AMMORTIZZATORE;10.000;10.000;10.000;2.060;0;0;0;1.000;MECCANICHE;0;ev://rotationclass/u1b0y2018p20898;ev://attribute/u1b0y2018p20909;1;1946;NULL
1054038;AP8163328;AMMORTIZZATORE;10.000;10.000;10.000;2.440;0;0;0;1.000;MECCANICHE;0;ev://rotationclass/u1b0y2018p20897;ev://attribute/u1b0y2018p20909;1;1946;NULL
1054039;AP8203363;AMMORTIZZATORE;10.000;10.000;10.000;1.380;0;0;0;1.000;MECCANICHE;0;ev://rotationclass/u1b0y2018p20897;ev://attribute/u1b0y2018p20909;1;1946;NULL
1054040;AP8163318;AMMORTIZZATORE;10.000;10.000;10.000;3.200;0;0;0;1.000;MECCANICHE;0;ev://rotationclass/u1b0y2018p20897;ev://attribute/u1b0y2018p20909;1;1946;NULL
1054041;AP8223009;AMMORTIZZATORE;10.000;10.000;10.000;1.325;0;0;0;1.000;MECCANICHE;0;ev://rotationclass/u1b0y2018p20897;ev://attribute/u1b0y2018p20909;1;1946;NULL
1054042;AP8123942;AMMORTIZZATORE;10.000;10.000;10.000;2.735;0;0;0;1.000;MECCANICHE;0;ev://rotationclass/u1b0y2018p20897;ev://attribute/u1b0y2018p20909;1;1946;NULL
1054043;B044484;AMMORTIZZATORE;10.000;10.000;10.000;0.300;0;0;0;1.000;MECCANICHE;0;ev://rotationclass/u1b0y2018p20897;ev://attribute/u1b0y2018p20909;1;1946;NULL
1054044;AP8203930;AMMORTIZZATORE;10.000;10.000;10.000;1.315;0;0;0;1.000;MECCANICHE;0;ev://rotationclass/u1b0y2018p20897;ev://attribute/u1b0y2018p20909;1;1946;NULL
1054045;AP8163471;AMMORTIZZATORE;10.000;10.000;10.000;2.525;0;0;0;1.000;MECCANICHE;0;ev://rotationclass/u1b0y2018p20897;ev://attribute/u1b0y2018p20909;1;1946;NULL
1054046;AP8163188;AMMORTIZZATORE;10.000;10.000;10.000;2.430;0;0;0;1.000;MECCANICHE;0;ev://rotationclass/u1b0y2018p20897;ev://attribute/u1b0y2018p20909;1;1946;NULL
1054047;2B001833;AMMORTIZZATORE;10.000;10.000;10.000;2.600;0;0;0;1.000;MECCANICHE;0;ev://rotationclass/u1b0y2018p20897;ev://attribute/u1b0y2018p20909;1;1946;NULL
1054048;5A000182;AMMORTIZZATORE ANT. COMPL;10.000;10.000;10.000;4.000;0;0;0;1.000;MECCANICHE;0;ev://rotationclass/u1b0y2018p20898;ev://attribute/u1b0y2018p20909;1;1946;NULL
1054049;6464656;AMMORTIZZATORE ANT. X RICA;10.000;10.000;10.000;1.280;0;0;0;1.000;MECCANICHE;0;ev://rotationclass/u1b0y2018p20897;ev://attribute/u1b0y2018p20909;1;1946;NULL
1054050;648098;AMMORTIZZATORE ANT.DX. COMPL.;10.000;10.000;10.000;1.637;0;0;0;1.000;MECCANICHE;0;ev://rotationclass/u1b0y2018p20897;ev://attribute/u1b0y2018p20909;1;1946;NULL
1054051;56561R;AMMORTIZZATORE ANT.SX;10.000;10.000;10.000;2.110;0;0;0;1.000;MECCANICHE;0;ev://rotationclass/u1b0y2018p20897;ev://attribute/u1b0y2018p20909;1;1946;NULL
1054052;2R000274;AMMORTIZZATORE ANTERIORE 2R;10.000;10.000;10.000;1.300;0;0;0;1.000;MECCANICHE;0;ev://rotationclass/u1b0y2018p20897;ev://attribute/u1b0y2018p20909;1;1946;NULL
1054053;1C000922R;AMMORTIZZATORE ANTERIORE COMPL.;10.000;10.000;10.000;1.650;0;0;0;1.000;MECCANICHE;0;ev://rotationclass/u1b0y2018p20898;ev://attribute/u1b0y2018p20909;1;1946;NULL
1054054;1C000923R;AMMORTIZZATORE ANTERIORE COMPL.;10.000;10.000;10.000;1.594;0;0;0;1.000;MECCANICHE;0;ev://rotationclass/u1b0y2018p20898;ev://attribute/u1b0y2018p20909;1;1946;NULL
1054055;665766;AMMORTIZZATORE ANTERIORE COMPL.(BOSS);10.000;10.000;10.000;1.500;0;0;0;1.000;MECCANICHE;0;ev://rotationclass/u1b0y2018p20897;ev://attribute/u1b0y2018p20909;1;1946;NULL
1054056;1C000843R;AMMORTIZZATORE ANTERIORE COMPLETO;10.000;10.000;10.000;1.450;0;0;0;1.000;MECCANICHE;0;ev://rotationclass/u1b0y2018p20898;ev://attribute/u1b0y2018p20909;1;1946;NULL
1054057;1C000837R;AMMORTIZZATORE ANTERIORE COMPLETO;10.000;10.000;10.000;1.600;0;0;0;1.000;MECCANICHE;0;ev://rotationclass/u1b0y2018p20900;ev://attribute/u1b0y2018p20909;1;1946;NULL
1054058;1E000793R;AMMORTIZZATORE ANTERIORE DX;10.000;10.000;10.000;2.350;0;0;0;1.000;MECCANICHE;0;ev://rotationclass/u1b0y2018p20900;ev://attribute/u1b0y2018p20909;1;1946;NULL
1054059;1E000819;AMMORTIZZATORE ANTERIORE DX;10.000;10.000;10.000;2.800;0;0;0;1.000;MECCANICHE;0;ev://rotationclass/u1b0y2018p20899;ev://attribute/u1b0y2018p20909;1;1946;NULL
1054060;1E000767R;AMMORTIZZATORE ANTERIORE DX;10.000;10.000;10.000;2.350;0;0;0;1.000;MECCANICHE;0;ev://rotationclass/u1b0y2018p20897;ev://attribute/u1b0y2018p20909;1;1946;NULL
1054061;1E000794R;AMMORTIZZATORE ANTERIORE SX;10.000;10.000;10.000;2.350;0;0;0;1.000;MECCANICHE;0;ev://rotationclass/u1b0y2018p20900;ev://attribute/u1b0y2018p20909;1;1946;NULL
1054062;1E000768R;AMMORTIZZATORE ANTERIORE SX;10.000;10.000;10.000;2.350;0;0;0;1.000;MECCANICHE;0;ev://rotationclass/u1b0y2018p20897;ev://attribute/u1b0y2018p20909;1;1946;NULL
1054063;B008117;AMMORTIZZATORE COMPL.;10.000;10.000;10.000;1.230;0;0;0;1.000;MECCANICHE;0;ev://rotationclass/u1b0y2018p20897;ev://attribute/u1b0y2018p20909;1;1946;NULL
1054064;2B001399;AMMORTIZZATORE POST;10.000;10.000;10.000;3.050;0;0;0;1.000;MECCANICHE;0;ev://rotationclass/u1b0y2018p20897;ev://attribute/u1b0y2018p20909;1;1946;NULL
1054065;977872;AMMORTIZZATORE POST;10.000;10.000;10.000;3.040;0;0;0;1.000;MECCANICHE;0;ev://rotationclass/u1b0y2018p20897;ev://attribute/u1b0y2018p20909;1;1946;NULL
1054066;2B002025;AMMORTIZZATORE POST DX CON REGOLAZIONE;10.000;10.000;10.000;3.300;0;0;0;1.000;MECCANICHE;0;ev://rotationclass/u1b0y2018p20900;ev://attribute/u1b0y2018p20909;1;1946;NULL
1054067;884034;AMMORTIZZATORE POST.;10.000;10.000;10.000;2.100;0;0;0;1.000;MECCANICHE;0;ev://rotationclass/u1b0y2018p20901;ev://attribute/u1b0y2018p20909;1;1946;NULL
1054068;59843000E4;AMMORTIZZATORE POST.;10.000;10.000;10.000;1.260;0;0;0;1.000;MECCANICHE;0;ev://rotationclass/u1b0y2018p20898;ev://attribute/u1b0y2018p20909;1;1946;NULL
1054069;GU30550276;AMMORTIZZATORE POST.;10.000;10.000;10.000;2.000;0;0;0;1.000;MECCANICHE;0;ev://rotationclass/u1b0y2018p20897;ev://attribute/u1b0y2018p20909;1;1946;NULL
1054070;56312R000C;AMMORTIZZATORE POST.;10.000;10.000;10.000;1.345;0;0;0;1.000;MECCANICHE;0;ev://rotationclass/u1b0y2018p20897;ev://attribute/u1b0y2018p20909;1;1946;NULL
1054071;648481;AMMORTIZZATORE POST. COMPL;10.000;10.000;10.000;2.220;0;0;0;1.000;MECCANICHE;0;ev://rotationclass/u1b0y2018p20898;ev://attribute/u1b0y2018p20909;1;1946;NULL
1054072;56229R;AMMORTIZZATORE POST. COMPL.;10.000;10.000;10.000;1.390;0;0;0;1.000;MECCANICHE;0;ev://rotationclass/u1b0y2018p20900;ev://attribute/u1b0y2018p20909;1;1946;NULL
1054073;668002;AMMORTIZZATORE POST. COMPL.;10.000;10.000;10.000;1.400;0;0;0;1.000;MECCANICHE;0;ev://rotationclass/u1b0y2018p20898;ev://attribute/u1b0y2018p20909;1;1946;NULL
1054074;855583;AMMORTIZZATORE POST. COMPL. END. MY09;10.000;10.000;10.000;2.500;0;0;0;1.000;MECCANICHE;0;ev://rotationclass/u1b0y2018p20897;ev://attribute/u1b0y2018p20909;1;1946;NULL
1054075;666270;AMMORTIZZATORE POST. COMPLETO;10.000;10.000;10.000;0.500;0;0;0;1.000;MECCANICHE;0;ev://rotationclass/u1b0y2018p20899;ev://attribute/u1b0y2018p20909;1;1946;NULL
1054076;668599;AMMORTIZZATORE POST. COMPLETO;10.000;10.000;10.000;1.645;0;0;0;1.000;MECCANICHE;0;ev://rotationclass/u1b0y2018p20897;ev://attribute/u1b0y2018p20909;1;1946;NULL
1054077;56231R;AMMORTIZZATORE POST.COMPL;10.000;10.000;10.000;1.185;0;0;0;1.000;MECCANICHE;0;ev://rotationclass/u1b0y2018p20899;ev://attribute/u1b0y2018p20909;1;1946;NULL
1054078;855701;AMMORTIZZATORE POST.COMPL.MOT.MY09;10.000;10.000;10.000;2.500;0;0;0;1.000;MECCANICHE;0;ev://rotationclass/u1b0y2018p20897;ev://attribute/u1b0y2018p20909;1;1946;NULL
1054079;66800600R7;AMMORTIZZATORE POSTER.COMPL.;10.000;10.000;10.000;1.000;0;0;0;1.000;MECCANICHE;0;ev://rotationclass/u1b0y2018p20898;ev://attribute/u1b0y2018p20909;1;1946;NULL
1054080;668006000C;AMMORTIZZATORE POSTER.COMPL.;10.000;10.000;10.000;1.585;0;0;0;1.000;MECCANICHE;0;ev://rotationclass/u1b0y2018p20897;ev://attribute/u1b0y2018p20909;1;1946;NULL
1054081;GU03550252;AMMORTIZZATORE POSTERIORE;10.000;10.000;10.000;3.000;0;0;0;1.000;MECCANICHE;0;ev://rotationclass/u1b0y2018p20897;ev://attribute/u1b0y2018p20909;1;1946;NULL
1054082;1C001152R;AMMORTIZZATORE POSTERIORE;10.000;10.000;10.000;1.800;0;0;0;1.000;MECCANICHE;0;ev://rotationclass/u1b0y2018p20898;ev://attribute/u1b0y2018p20909;1;1946;NULL
1054083;2B001022;AMMORTIZZATORE POSTERIORE;10.000;10.000;10.000;2.200;0;0;0;1.000;MECCANICHE;0;ev://rotationclass/u1b0y2018p20897;ev://attribute/u1b0y2018p20909;1;1946;NULL
1054084;858909;AMMORTIZZATORE POSTERIORE;10.000;10.000;10.000;2.660;0;0;0;1.000;MECCANICHE;0;ev://rotationclass/u1b0y2018p20897;ev://attribute/u1b0y2018p20909;1;1946;NULL
1054085;RB000212;AMMORTIZZATORE POSTERIORE;10.000;10.000;10.000;1.840;0;0;0;1.000;MECCANICHE;0;ev://rotationclass/u1b0y2018p20897;ev://attribute/u1b0y2018p20909;1;1946;NULL
1054086;2B003048;AMMORTIZZATORE POSTERIORE;10.000;10.000;10.000;2.850;0;0;0;1.000;MECCANICHE;0;ev://rotationclass/u1b0y2018p20901;ev://attribute/u1b0y2018p20909;1;1946;NULL
1054087;2B002989;AMMORTIZZATORE POSTERIORE;10.000;10.000;10.000;2.150;0;0;0;1.000;MECCANICHE;0;ev://rotationclass/u1b0y2018p20900;ev://attribute/u1b0y2018p20909;1;1946;NULL
1054088;2B002988;AMMORTIZZATORE POSTERIORE;10.000;10.000;10.000;2.050;0;0;0;1.000;MECCANICHE;0;ev://rotationclass/u1b0y2018p20900;ev://attribute/u1b0y2018p20909;1;1946;NULL
1054089;1C002257;AMMORTIZZATORE POSTERIORE;10.000;10.000;10.000;1.650;0;0;0;1.000;MECCANICHE;0;ev://rotationclass/u1b0y2018p20898;ev://attribute/u1b0y2018p20909;1;1946;NULL
1054090;2B003407;AMMORTIZZATORE POSTERIORE;10.000;10.000;10.000;2.150;0;0;0;1.000;MECCANICHE;0;ev://rotationclass/u1b0y2018p20897;ev://attribute/u1b0y2018p20909;1;1946;NULL
1054091;2B001705;AMMORTIZZATORE POSTERIORE;10.000;10.000;10.000;2.900;0;0;0;1.000;MECCANICHE;0;ev://rotationclass/u1b0y2018p20901;ev://attribute/u1b0y2018p20909;1;1946;NULL
1054092;2B003408;AMMORTIZZATORE POSTERIORE;10.000;10.000;10.000;2.200;0;0;0;1.000;MECCANICHE;0;ev://rotationclass/u1b0y2018p20900;ev://attribute/u1b0y2018p20909;1;1946;NULL
1054093;GU05550230;AMMORTIZZATORE POSTERIORE;10.000;10.000;10.000;3.450;0;0;0;1.000;MECCANICHE;0;ev://rotationclass/u1b0y2018p20897;ev://attribute/u1b0y2018p20909;1;1946;NULL
1054094;856792;AMMORTIZZATORE POSTERIORE;10.000;10.000;10.000;3.175;0;0;0;1.000;MECCANICHE;0;ev://rotationclass/u1b0y2018p20897;ev://attribute/u1b0y2018p20909;1;1946;NULL
1054095;668008;AMMORTIZZATORE POSTERIORE COMPL.;10.000;10.000;10.000;1.000;0;0;0;1.000;MECCANICHE;0;ev://rotationclass/u1b0y2018p20897;ev://attribute/u1b0y2018p20909;1;1946;NULL
1054096;1C000579R;AMMORTIZZATORE POSTERIORE COMPLETO;10.000;10.000;10.000;1.645;0;0;0;1.000;MECCANICHE;0;ev://rotationclass/u1b0y2018p20898;ev://attribute/u1b0y2018p20909;1;1946;NULL
1054097;668378;AMMORTIZZATORE POSTERIORE COMPLETO;10.000;10.000;10.000;1.450;0;0;0;1.000;MECCANICHE;0;ev://rotationclass/u1b0y2018p20898;ev://attribute/u1b0y2018p20909;1;1946;NULL
1054098;1C000960;AMMORTIZZATORE POSTERIORE COMPLETO;10.000;10.000;10.000;1.450;0;0;0;1.000;MECCANICHE;0;ev://rotationclass/u1b0y2018p20897;ev://attribute/u1b0y2018p20909;1;1946;NULL
1054099;2B002700;AMMORTIZZATORE POSTERIORE RSV4 RF OHLINS;10.000;10.000;10.000;2.900;0;0;0;1.000;MECCANICHE;0;ev://rotationclass/u1b0y2018p20897;ev://attribute/u1b0y2018p20909;1;1946;NULL
1054100;2B002024;AMMORTIZZATORE POSTERIORE SX;10.000;10.000;10.000;2.550;0;0;0;1.000;MECCANICHE;0;ev://rotationclass/u1b0y2018p20897;ev://attribute/u1b0y2018p20909;1;1946;NULL
1054101;8669370002;AMMORTIZZATORE ROSSO;10.000;10.000;10.000;2.550;0;0;0;1.000;MECCANICHE;0;ev://rotationclass/u1b0y2018p20897;ev://attribute/u1b0y2018p20909;1;1946;NULL
1054102;GU03550230;AMMORTIZZATORE SACHS-BOGE;10.000;10.000;10.000;3.000;0;0;0;1.000;MECCANICHE;0;ev://rotationclass/u1b0y2018p20897;ev://attribute/u1b0y2018p20909;1;1946;NULL
1054103;2R000254;AMMORTIZZATORE SENZA MOTORINO PREC.;10.000;10.000;10.000;4.300;0;0;0;1.000;MECCANICHE;0;ev://rotationclass/u1b0y2018p20900;ev://attribute/u1b0y2018p20909;1;1946;NULL
1054104;2B000091;AMMORTIZZATORE SX;10.000;10.000;10.000;2.000;0;0;0;1.000;MECCANICHE;0;ev://rotationclass/u1b0y2018p20901;ev://attribute/u1b0y2018p20909;1;1946;NULL
1054105;648097;AMMORTIZZATORE SX ANT. COMPL.;10.000;10.000;10.000;1.647;0;0;0;1.000;MECCANICHE;0;ev://rotationclass/u1b0y2018p20901;ev://attribute/u1b0y2018p20909;1;1946;NULL
1054106;2B000092;AMMORTIZZATRE POST. DX;10.000;10.000;10.000;2.000;0;0;0;1.000;MECCANICHE;0;ev://rotationclass/u1b0y2018p20901;ev://attribute/u1b0y2018p20909;1;1946;NULL
1054107;00Q01501191;AMORTIGUADOR TRAS;10.000;10.000;10.000;1.000;0;0;0;1.000;MECCANICHE;0;ev://rotationclass/u1b0y2018p20897;ev://attribute/u1b0y2018p20909;1;1946;NULL
1054108;854563;ANELLO DI TENUTA VALVOLA;10.000;10.000;10.000;0.005;0;0;0;1.000;MECCANICHE;0;ev://rotationclass/u1b0y2018p20898;ev://attribute/u1b0y2018p20909;1;1946;NULL
1054109;020980Y;ANELLO MONTAGGIO PISTONE;10.000;10.000;10.000;1.100;0;0;0;1.000;MECCANICHE;0;ev://rotationclass/u1b0y2018p20900;ev://attribute/u1b0y2018p20909;1;1946;NULL
1054110;650084M;ANTIF.PINZA FRENO;10.000;10.000;10.000;0.500;0;0;0;1.000;MECCANICHE;0;ev://rotationclass/u1b0y2018p20898;ev://attribute/u1b0y2018p20909;1;1946;NULL
1054111;650082M;ANTIF.PINZA FRENO;10.000;10.000;10.000;0.500;0;0;0;1.000;MECCANICHE;0;ev://rotationclass/u1b0y2018p20897;ev://attribute/u1b0y2018p20909;1;1946;NULL
1054112;650083M;ANTIF.PINZA FRENO;10.000;10.000;10.000;0.500;0;0;0;1.000;MECCANICHE;0;ev://rotationclass/u1b0y2018p20901;ev://attribute/u1b0y2018p20909;1;1946;NULL
1054113;606140M;ANTIFURTO ARCO VESPA;10.000;10.000;10.000;1.663;0;0;0;1.000;MECCANICHE;0;ev://rotationclass/u1b0y2018p20899;ev://attribute/u1b0y2018p20909;1;1946;NULL
1054114;605537M026;ANTIFURTO BLOCCA MANUBRIO ST PRIMAVERA/S;10.000;10.000;10.000;1.158;0;0;0;1.000;MECCANICHE;0;ev://rotationclass/u1b0y2018p20897;ev://attribute/u1b0y2018p20909;1;1946;NULL
1054115;605537M014;ANTIFURTO SELLA MANUBRIO BEVERLY TOP;10.000;10.000;10.000;2.425;0;0;0;1.000;MECCANICHE;0;ev://rotationclass/u1b0y2018p20898;ev://attribute/u1b0y2018p20909;1;1946;NULL
1054116;605537M027;ANTIFURTO SELLA MANUBRIO LIBERTY 3V;10.000;10.000;10.000;2.300;0;0;0;1.000;MECCANICHE;0;ev://rotationclass/u1b0y2018p20900;ev://attribute/u1b0y2018p20909;1;1946;NULL
1054117;605537M028;ANTIFURTO SELLA MANUBRIO MP3 MY14;10.000;10.000;10.000;1.950;0;0;0;1.000;MECCANICHE;0;ev://rotationclass/u1b0y2018p20897;ev://attribute/u1b0y2018p20909;1;1946;NULL
1054118;605537M006;ANTIFURTO SELLA MANUBRIO NEW TYPHOON STD;10.000;10.000;10.000;1.254;0;0;0;1.000;MECCANICHE;0;ev://rotationclass/u1b0y2018p20901;ev://attribute/u1b0y2018p20909;1;1946;NULL
1054119;605537M025;ANTIFURTO SELLA MANUBRIO TOP PRIMAVERA/S;10.000;10.000;10.000;1.962;0;0;0;1.000;MECCANICHE;0;ev://rotationclass/u1b0y2018p20897;ev://attribute/u1b0y2018p20909;1;1946;NULL
1054120;605537M012;ANTIFURTO SELLA MANUBRIO VESPA PX TOP;10.000;10.000;10.000;2.360;0;0;0;1.000;MECCANICHE;0;ev://rotationclass/u1b0y2018p20899;ev://attribute/u1b0y2018p20909;1;1946;NULL
1054121;605537M017;ANTIFURTO SELLA MANUBRIO YOURBAN;10.000;10.000;10.000;2.450;0;0;0;1.000;MECCANICHE;0;ev://rotationclass/u1b0y2018p20899;ev://attribute/u1b0y2018p20909;1;1946;NULL
1054122;605537M031;ANTIFURTO SELLA-MANUBRIO;10.000;10.000;10.000;1.800;0;0;0;1.000;MECCANICHE;0;ev://rotationclass/u1b0y2018p20900;ev://attribute/u1b0y2018p20909;1;1946;NULL
1054123;605537M030;ANTIFURTO SELLA-MANUBRIO LIBERTY TOP;10.000;10.000;10.000;1.800;0;0;0;1.000;MECCANICHE;0;ev://rotationclass/u1b0y2018p20898;ev://attribute/u1b0y2018p20909;1;1946;NULL
1054124;605537M032;ANTIFURTO SELLA-MANUBRIO STANDARD MEDLEY;10.000;10.000;10.000;0.100;0;0;0;1.000;MECCANICHE;0;ev://rotationclass/u1b0y2018p20898;ev://attribute/u1b0y2018p20909;1;1946;NULL
1054125;GU31438083;APPENDICE NERO GOFFRATO;10.000;10.000;10.000;1.000;0;0;0;1.000;PLASTICHE;0;ev://rotationclass/u1b0y2018p20897;ev://attribute/u1b0y2018p20909;1;1946;NULL
1054126;85166600XE9;APPENDICE PARAFANGO ANT.GRIGIO SATURN;10.000;10.000;10.000;0.100;0;0;0;1.000;PLASTICHE;0;ev://rotationclass/u1b0y2018p20901;ev://attribute/u1b0y2018p20909;1;1946;NULL
1054127;00G01504093;APPOGGIAPIEDI;10.000;10.000;10.000;1.160;0;0;0;1.000;PLASTICHE;0;ev://rotationclass/u1b0y2018p20900;ev://attribute/u1b0y2018p20909;1;1946;NULL
1054128;00G01505091;APPOGGIAPIEDI;10.000;10.000;10.000;0.860;0;0;0;1.000;PLASTICHE;0;ev://rotationclass/u1b0y2018p20900;ev://attribute/u1b0y2018p20909;1;1946;NULL
1054129;893882;ARCHETTO CENTRALE;10.000;10.000;10.000;1.140;0;0;0;1.000;MECCANICHE;0;ev://rotationclass/u1b0y2018p20897;ev://attribute/u1b0y2018p20909;1;1946;NULL
1054130;GU01578281;ARCHETTO CUPOLINO;10.000;10.000;10.000;0.310;0;0;0;1.000;MECCANICHE;0;ev://rotationclass/u1b0y2018p20897;ev://attribute/u1b0y2018p20909;1;1946;NULL
1054131;2B0030295;ARCHETTO PORTATARGA CON P.I.;10.000;10.000;10.000;0.850;0;0;0;1.000;MECCANICHE;0;ev://rotationclass/u1b0y2018p20897;ev://attribute/u1b0y2018p20909;1;1946;NULL
1054132;AP8146879;ARCHETTO POSTERIORE;10.000;10.000;10.000;0.420;0;0;0;1.000;MECCANICHE;0;ev://rotationclass/u1b0y2018p20897;ev://attribute/u1b0y2018p20909;1;1946;NULL
1054133;AP8146203;ARCHETTO SUPP.CARENA CAT.;10.000;10.000;10.000;1.035;0;0;0;1.000;MECCANICHE;0;ev://rotationclass/u1b0y2018p20897;ev://attribute/u1b0y2018p20909;1;1946;NULL
1054134;AP8146952;ARCHETTO SUPPORTO PARAMANI DX;10.000;10.000;10.000;0.380;0;0;0;1.000;PLASTICHE;0;ev://rotationclass/u1b0y2018p20897;ev://attribute/u1b0y2018p20909;1;1946;NULL
